index;nome;url;preco;preco_pix;preco_por_gb;modulos;capacidade;hash;2025-11-19;2025-11-20;2025-11-21;2025-11-22;2025-11-23;2025-11-24;2025-11-25;2025-11-26;2025-11-27;2025-11-28;2025-11-29;2025-11-30;2025-12-01;2025-12-02;2025-12-03;2025-12-04;2025-12-05;2025-12-06;2025-12-07;2025-12-08;2025-12-09;2025-12-10;2025-12-11;2025-12-12;2025-12-13;2025-12-14;2025-12-15;2025-12-16;2025-12-17;2025-12-18;2025-12-19;2025-12-20;2025-12-21;2025-12-22;2025-12-23;2025-12-24;2025-12-25;2025-12-26;2025-12-27;2025-12-28;2025-12-29;2025-12-30;2025-12-31;2026-01-01;2026-01-02;2026-01-03;2026-01-04;2026-01-05;2026-01-06;2026-01-07;2026-01-08;2026-01-09;2026-01-10;2026-01-11;2026-01-12;2026-01-13;2026-01-14;2026-01-15;2026-01-16;2026-01-17;2026-01-18;2026-01-19;2026-01-20;2026-01-21;2026-01-22;2026-01-23;2026-01-24;2026-01-25;2026-01-26;2026-01-27;2026-01-28;2026-01-29;2026-01-30;2026-01-31;2026-02-01;2026-02-02;2026-02-03;2026-02-04;2026-02-05;2026-02-06;2026-02-07;2026-02-08;2026-02-09;2026-02-10;2026-02-11;2026-02-12;2026-02-13;2026-02-14;2026-02-15;2026-02-16;2026-02-17;2026-02-18;2026-02-19;2026-02-20;2026-02-21;2026-02-22;2026-02-23;2026-02-24;2026-02-25;2026-02-26;2026-02-27;2026-02-28;2026-03-01;2026-03-02;2026-03-03;2026-03-04;2026-03-05;2026-03-06;2026-03-07;2026-03-08;2026-03-09;2026-03-10;2026-03-11;2026-03-12;2026-03-13;2026-03-14;2026-03-15;2026-03-16;2026-03-17;2026-03-18;2026-03-19;2026-03-20;2026-03-21;2026-03-22;2026-03-23;2026-03-24;2026-03-25;2026-03-26;2026-03-27;2026-03-28;2026-03-29;2026-03-30;2026-03-31;2026-04-01;2026-04-02;2026-04-03;2026-04-04;2026-04-05;2026-04-06;2026-04-07;2026-04-08;2026-04-09;2026-04-10;2026-04-11;2026-04-12;2026-04-13;2026-04-14;2026-04-15;2026-04-16;2026-04-17;2026-04-18;2026-04-19;2026-04-20;2026-04-21;2026-04-22;2026-04-23;2026-04-24;2026-04-25;2026-04-26;2026-04-27;2026-04-28;2026-04-29;2026-04-30;2026-05-01;2026-05-02;2026-05-03;2026-05-04;2026-05-05;2026-05-06;2026-05-07;2026-05-08;2026-05-09;2026-05-10;2026-05-11;2026-05-12;2026-05-13;2026-05-14;2026-05-15;2026-05-16;2026-05-17;2026-05-18
1;Kingston Fury Beast (Preto);https://meupc.net/peca/64gcGS/memoria-kingston-fury-beast-kf432c16bbk216;935.00;935.00;58.44;2x8 GB;16;64gcGS;;;446.65;;;446.65;;;;;;;;;;;;;;;;;;;;;;;;;;;;;;;;;;;;;;;;;;;;;;;;;;;;;;;;1309.99;1309.99;1309.99;;;;;;;;;;;;;;;;;;;;;;;;;;;;;;;;;;;;;;;;;;;;;;;;;;;;;;;;;;;;;;;;;1799.90;1799.90;1799.90;1799.90;1799.90;1799.90;1799.90;1799.90;1799.90;1799.90;1799.90;1799.90;1799.90;1799.90;1799.90;1799.90;1799.90;1799.90;1799.90;1799.90;1799.90;1799.90;1799.90;1799.90;1799.90;1799.90;1799.90;1799.90;1799.90;1799.90;1799.90;1799.90;1799.90;1799.90;1799.90;1799.90;1799.90;1799.90;1799.90;1799.90;1799.90;1799.90;1799.90;1799.90;1799.90;1799.90;1799.90;1759.90;1759.90;1759.90;1759.90;1759.90;1759.90
2;Rise Mode Diamond Series (Branco);https://meupc.net/peca/Yzs6v2/memoria-rise-mode-diamond-series-rm-d4-16g-3200dw;999.90;849.99;53.12;1x16 GB;16;Yzs6v2;;;;332.99;332.99;;;;;;;;;;;;;;;;;;;;;;;;;;;;;;;;;;;;;;;;;;;;;804.51;804.51;804.51;804.51;804.51;804.51;804.51;989.91;989.91;989.91;989.91;989.91;989.91;1237.41;1237.41;1237.41;1237.41;1237.41;1237.41;1178.91;1178.91;1237.41;1237.41;1237.41;1237.41;1237.41;1237.41;1237.41;1237.41;1237.41;1237.41;1237.41;1237.41;1237.41;1237.41;1237.41;1237.41;1237.41;1029.99;1029.99;1029.99;1029.99;1029.99;1029.99;1029.99;1029.99;1029.99;1029.99;1029.99;1029.99;1029.99;1029.99;1029.99;1029.99;1029.99;1029.99;1029.99;1029.99;1029.99;1029.99;1029.99;1029.99;1029.99;1029.99;1029.99;1029.99;1029.99;1029.99;909.90;909.90;909.90;909.90;909.90;909.90;909.90;864.99;864.99;864.99;864.99;864.99;864.99;864.99;864.99;864.99;864.99;864.99;783.90;783.90;783.90;783.90;783.90;909.99;909.99;909.99;909.99;909.99;909.99;859.90;859.90;859.90;849.90;849.90;849.90;849.90;849.90;849.90;849.90;849.90;849.90;909.99;849.90;849.90;849.90;849.90;849.90;849.90;849.90;849.90;849.90;849.90;849.90;849.90;849.90;849.90;849.90;849.90;849.90;849.90;849.90;849.99;849.99;849.99
3;Rise Mode Z (Preto);https://meupc.net/peca/bk29mL/memoria-rise-mode-z-rmd416g3200z;1066.61;1066.61;66.66;1x16 GB;16;bk29mL;;477.99;477.99;477.99;477.99;477.99;477.99;477.99;477.99;477.99;477.99;477.99;477.99;477.99;477.99;477.99;477.99;477.99;477.99;477.99;477.99;477.99;477.99;477.99;477.99;477.99;477.99;477.99;419.99;419.99;;;;;;;;;;;;;;;;;;;;804.51;804.51;804.51;804.51;804.51;804.51;804.51;989.91;989.91;989.91;989.91;989.91;989.91;1237.41;1237.41;1237.41;1237.41;1237.41;1237.41;1178.91;1178.91;1237.41;1237.41;1237.41;1237.41;1237.41;1237.41;1237.41;1237.41;669.99;669.99;669.99;669.99;669.99;849.99;799.99;799.99;779.99;779.99;779.99;779.99;779.99;609.99;649.99;649.99;779.99;779.99;769.99;699.99;699.99;709.99;709.99;709.99;709.99;699.99;699.99;709.99;769.99;769.99;769.99;769.99;699.99;699.99;769.99;679.99;679.99;769.99;769.99;679.99;679.99;679.99;679.90;679.90;769.99;769.99;769.99;769.99;769.99;769.99;769.99;769.99;769.99;769.99;769.99;769.99;769.99;769.99;769.99;769.99;769.99;599.99;769.99;699.90;599.99;769.99;769.99;599.99;599.99;599.99;599.99;599.99;699.99;699.99;599.99;599.99;699.99;629.90;699.99;699.99;699.99;699.99;599.99;699.99;699.99;699.99;699.99;699.99;679.99;679.99;679.99;679.99;699.99;699.99;699.99;699.99;699.99;699.99;699.99;629.90;1175.31;629.90;1175.31
4;Kingston Fury Beast (Preto);https://meupc.net/peca/mng99J/memoria-kingston-fury-beast-kf432c16bb16;923.00;923.00;57.69;1x16 GB;16;mng99J;499.99;499.99;470.00;540.00;540.00;538.00;538.00;499.00;499.00;499.00;559.00;509.99;569.00;569.00;599.99;599.99;699.99;699.99;699.99;599.99;599.99;649.99;649.99;665.00;666.00;666.00;729.99;649.99;662.00;729.99;729.99;849.99;849.99;849.99;849.99;849.99;849.99;849.99;849.99;849.99;829.99;829.99;829.99;829.99;829.99;829.99;829.99;829.99;899.99;899.99;899.99;649.90;899.99;899.99;899.99;949.99;899.99;1049.99;1049.99;1049.99;1049.99;1049.99;709.90;709.90;1139.99;1139.99;1139.99;1139.99;1139.99;949.99;949.99;949.99;949.99;949.99;949.99;949.99;949.99;949.99;949.99;949.99;1199.99;949.99;949.99;749.99;749.99;749.99;659.99;749.99;749.99;749.99;749.99;749.99;749.99;749.99;749.99;749.99;749.99;799.99;799.99;809.99;809.99;899.99;899.99;899.99;899.99;1049.99;1049.99;1049.99;899.99;899.99;1049.99;1049.99;1069.99;899.99;1069.99;1069.99;1069.99;1069.99;1069.99;1069.99;1069.99;1069.99;1069.99;1069.99;1069.99;1069.99;1069.99;1069.99;1069.99;1069.99;1180.00;1069.99;999.99;999.99;999.99;999.99;999.99;999.99;999.99;999.99;999.99;999.99;999.99;999.99;999.99;999.99;959.99;959.99;959.99;959.99;959.99;959.99;959.99;959.99;859.90;859.90;959.99;959.99;959.99;959.99;959.99;959.99;959.99;959.99;959.99;959.99;959.99;959.99;959.99;959.99;959.99;959.99;959.99;959.99;959.99;959.99;959.99;959.99;988.00;988.00;988.00
5;Husky Impulse (Preto);https://meupc.net/peca/WwFPxI/memoria-husky-impulse-hrm001163222pt;823.40;699.90;43.74;1x16 GB;16;WwFPxI;;;;;389.90;359.90;359.90;329.90;329.90;329.90;329.90;329.90;329.90;329.90;329.90;329.90;329.90;439.99;439.99;399.99;399.99;399.99;449.99;449.99;449.99;449.99;449.99;449.99;449.99;449.99;449.99;599.99;599.99;599.99;599.99;675.99;675.99;675.99;675.99;675.99;699.99;699.99;699.99;699.99;649.99;649.99;649.99;649.99;649.99;649.99;599.99;599.99;699.99;699.99;699.99;699.99;699.99;677.30;677.30;677.30;699.90;599.00;699.99;699.99;699.99;699.98;789.90;789.90;798.00;799.99;780.61;780.61;780.61;780.61;793.14;759.00;819.00;729.99;729.99;729.99;798.00;799.00;799.00;799.00;799.00;779.00;779.00;779.00;779.00;779.00;779.00;779.00;779.00;779.00;797.00;797.00;799.99;778.40;773.00;500.00;799.00;799.00;799.00;799.00;799.00;749.99;749.99;799.99;799.99;799.99;799.99;799.99;799.99;799.99;799.99;799.99;799.99;729.99;729.99;749.99;699.99;699.99;699.99;699.99;699.90;699.99;699.99;649.99;649.99;659.99;659.99;659.99;659.99;659.99;699.99;699.99;699.99;699.99;649.99;629.99;629.99;649.99;864.00;864.00;864.00;799.99;864.00;769.99;769.99;769.99;769.99;769.99;769.99;769.99;729.99;729.99;729.99;729.99;729.99;729.99;729.99;729.99;689.99;689.99;689.99;689.99;689.99;689.99;689.99;689.99;649.99;649.99;649.99;649.99;649.99;649.99;649.99;649.99;699.90;699.90;699.90
6;Kingston Fury Beast (Preto);https://meupc.net/peca/9KTCp4/memoria-kingston-fury-beast-kf432c16bb116;941.10;799.99;50.0;1x16 GB;16;9KTCp4;;;;525.99;;;;;;;;;;;;;;;;;;;;525.99;;;;;;;499.99;699.99;699.99;699.99;799.99;799.99;799.99;759.99;699.99;699.99;699.99;699.99;699.99;699.99;729.99;729.99;729.99;599.99;619.99;619.99;619.99;799.99;799.99;999.99;999.99;949.99;949.99;949.99;949.99;949.99;949.99;949.99;949.99;949.99;1089.99;1089.99;1089.99;1089.99;1089.99;1089.99;1089.99;1089.99;1089.99;1089.99;1089.99;1089.99;799.99;1089.99;799.99;1089.99;1089.99;1089.99;1079.99;939.99;939.99;938.99;939.99;939.99;879.99;879.99;879.99;879.99;879.99;879.99;939.99;939.99;879.99;879.99;879.99;879.99;879.99;879.99;879.99;879.99;879.99;879.99;879.99;879.99;879.99;879.99;879.99;879.99;879.99;879.99;879.99;879.99;929.99;929.99;929.99;929.99;899.99;899.99;899.99;1079.99;899.99;899.99;899.99;899.99;899.99;899.99;899.99;899.99;899.99;899.99;899.99;899.99;899.99;899.99;899.99;849.99;849.99;849.99;849.99;849.99;849.99;849.99;849.99;849.99;849.99;849.99;849.99;849.99;849.99;899.99;899.99;899.99;899.99;879.99;879.99;879.99;899.99;899.99;799.99;799.99;799.99;799.99;799.99;799.99;799.99;799.99;799.99;799.99;799.99;799.99;799.99;799.99;799.99;799.99;799.99;799.99;799.99
7;XPG Spectrix D35G (RGB);https://meupc.net/peca/bKA44x/memoria-xpg-spectrix-d35g-ax4u320016g16asbkd35g;1128.22;958.99;59.94;1x16 GB;16;bKA44x;659.99;499.99;474.99;474.99;474.99;474.99;474.99;474.99;474.99;474.99;474.99;474.99;474.99;474.99;474.99;474.99;474.99;474.99;474.99;474.99;474.99;474.99;474.99;474.99;809.99;809.99;809.99;949.99;949.99;949.99;949.99;949.99;949.99;949.99;949.99;949.99;949.99;949.99;949.99;949.99;999.99;999.99;999.99;999.99;999.99;999.99;999.99;909.99;909.99;909.99;909.99;909.99;909.99;909.99;909.99;909.99;909.99;909.99;909.99;816.99;909.99;909.99;909.99;909.99;999.99;1029.99;1029.99;1029.99;1029.99;949.99;949.99;899.99;829.99;829.99;829.99;829.99;829.99;829.99;829.99;759.90;829.99;829.99;829.99;828.99;828.99;828.99;829.99;829.99;829.99;829.99;829.99;829.99;829.99;829.99;829.99;829.99;828.99;828.99;828.99;824.99;824.99;824.99;824.99;824.99;829.99;829.99;829.99;829.99;829.99;829.99;829.99;799.99;799.99;859.99;859.99;859.99;859.99;859.99;989.99;859.99;859.99;989.99;989.99;989.99;984.99;984.99;984.99;984.99;984.99;984.99;984.99;498.51;498.51;869.90;984.99;984.99;984.99;984.99;899.99;899.99;879.00;899.99;899.99;899.99;979.90;979.90;899.90;899.90;979.90;979.90;979.90;979.90;979.90;979.90;899.90;899.90;959.99;959.99;959.99;899.90;899.90;899.90;958.99;958.99;958.99;958.99;949.99;859.90;859.90;949.90;949.90;948.99;948.99;948.99;839.99;839.99;949.90;949.90;949.90;949.90;949.90
8;XPG Spectrix D35G (RGB);https://meupc.net/peca/bv8H7Y/memoria-xpg-spectrix-d35g-ax4u320016g16aswhd35g;1047.00;889.99;55.62;1x16 GB;16;bv8H7Y;659.99;657.81;657.81;657.81;657.81;657.81;657.81;657.81;657.81;657.81;657.81;657.81;657.81;657.81;657.81;657.81;459.99;649.99;649.99;649.99;649.99;649.99;649.99;571.99;809.99;809.99;809.99;949.99;949.99;949.99;571.99;699.99;699.99;699.99;759.99;759.99;759.99;759.99;709.99;709.99;709.99;709.99;709.99;709.99;709.99;709.99;709.99;549.99;549.99;759.99;819.99;819.99;819.99;819.99;819.99;819.99;812.00;812.00;812.00;812.00;812.00;821.00;821.00;821.00;880.00;939.99;820.00;820.00;929.00;799.90;989.00;957.00;799.90;799.90;899.99;799.99;799.99;899.99;799.99;899.99;899.99;899.99;899.99;898.99;898.99;898.99;898.99;898.99;898.99;898.99;898.99;898.99;898.99;898.99;898.99;898.99;898.99;898.99;898.99;898.99;898.99;898.99;898.99;898.99;898.99;894.99;894.99;894.99;894.99;894.99;894.99;894.99;898.99;898.99;898.99;898.99;898.99;898.99;819.90;819.90;898.99;898.99;898.99;898.99;898.99;898.99;883.50;883.50;883.50;883.50;883.50;883.50;898.99;889.99;889.99;889.99;889.99;889.99;889.99;886.99;889.99;889.99;889.99;889.99;889.99;889.99;889.99;888.99;887.99;799.99;799.99;887.99;887.99;887.99;959.99;927.99;927.99;927.99;989.99;899.90;899.90;899.90;899.90;899.90;899.90;899.90;899.90;899.90;899.99;899.99;899.99;899.99;899.99;899.99;899.99;898.99;889.99;889.99;889.99;889.99;889.99
9;Rise Mode Z Series (Preto);https://meupc.net/peca/o9z2pJ/memoria-rise-mode-z-series-rmd416g3200zw;1066.62;1066.62;66.66;1x16 GB;16;o9z2pJ;;;;;;;;;;;;;;;;;;;;;;;;;;;;;;;;;;;;;;;;;;;;;;;;;;804.51;804.51;804.51;804.51;804.51;804.51;804.51;989.91;989.91;989.91;989.91;989.91;989.91;1237.41;1237.41;1237.41;1237.41;1237.41;1237.41;1178.91;1178.91;1237.41;1237.41;1237.41;1237.41;1237.41;1237.41;1237.41;1237.41;1237.41;1237.41;1237.41;1237.41;1237.41;1237.41;1237.41;1237.41;779.99;779.99;779.99;779.99;779.99;709.99;709.99;689.99;689.99;689.99;689.99;779.99;699.99;699.99;719.99;719.99;719.99;719.99;719.99;719.99;779.99;779.99;779.99;779.99;779.99;779.99;779.99;779.99;779.99;779.99;779.99;739.99;739.99;739.99;679.90;679.90;739.99;739.99;739.99;739.99;739.99;739.99;739.99;739.99;739.99;739.99;739.99;739.99;739.99;739.99;799.99;739.99;739.99;739.99;739.99;699.90;739.99;739.99;739.99;729.99;729.99;729.99;729.99;729.99;729.99;729.99;729.99;729.99;729.99;689.90;689.90;689.90;689.90;689.90;689.90;689.90;729.99;729.99;729.99;729.99;729.99;729.99;729.99;729.99;729.99;729.99;729.99;729.99;729.99;729.99;729.99;699.90;699.90;729.99;1175.31
11;Indilinx Magic I (Preto);https://meupc.net/peca/X2rqkK/memoria-indilinx-magic-i-ind-md4p32sp16x;823.52;699.99;43.75;1x16 GB;16;X2rqkK;;339.99;339.99;339.99;339.99;339.99;339.99;399.99;379.99;379.99;379.99;379.99;379.99;399.90;399.90;399.99;399.99;399.99;399.99;399.99;429.90;429.90;429.90;429.90;429.90;429.90;399.99;399.99;519.90;499.00;499.00;499.00;499.00;499.00;499.00;499.00;519.90;519.90;519.90;519.90;519.90;519.90;519.90;519.90;519.90;519.90;519.90;519.90;599.90;599.90;;;;;949.90;949.90;949.90;949.90;949.90;749.90;749.90;;;;;;;;;949.90;949.90;949.90;949.90;949.90;949.90;949.90;;;749.90;749.90;;;;;;;;;;;;;;;;;;;;799.99;784.99;784.99;784.99;784.99;699.99;699.99;729.99;729.99;729.99;779.99;779.99;779.99;779.99;779.99;779.99;779.99;779.99;779.99;779.99;749.99;749.99;749.99;749.99;749.99;749.99;749.99;749.99;749.99;749.99;749.99;749.99;749.99;749.99;749.99;749.99;749.99;749.99;749.99;749.99;749.99;749.99;749.99;749.99;736.99;736.99;736.99;736.99;726.99;599.99;599.99;699.99;699.99;599.99;599.99;699.99;699.99;599.99;699.99;699.99;699.99;699.99;699.99;699.99;699.99;699.99;699.99;699.99;699.99;699.99;699.99;649.99;649.99;649.99;649.99;649.99;709.99;709.99;699.99;699.99;699.99;699.99
12;Kingston Fury Beast RGB (RGB);https://meupc.net/peca/Hfa2F6/memoria-kingston-fury-beast-rgb-kf432c16bb2ak216;1976.46;1679.99;105.0;2x8 GB;16;Hfa2F6;659.99;659.99;659.99;659.99;659.99;659.99;659.99;659.99;659.99;659.99;659.99;659.99;659.99;709.99;709.99;709.99;709.99;709.99;709.99;709.99;709.99;709.99;709.99;709.99;;;;;709.99;;;;;;799.99;;;;;;;1299.99;1299.99;1299.99;1299.99;1299.99;1299.99;1299.99;1299.99;1299.99;1299.99;1299.99;1299.99;1299.99;1299.99;1299.99;1299.99;1299.99;1299.99;1299.99;1299.99;1299.99;1299.99;1599.99;1599.99;1599.99;1599.99;1599.99;1599.99;1579.00;1579.00;1579.00;1099.99;1099.99;1099.99;1099.99;1579.00;1579.00;1579.00;1579.00;1579.00;1579.00;1579.00;1249.99;1249.99;1149.99;1049.99;1049.99;1049.99;1049.99;1149.99;1149.99;1149.99;1149.99;1149.99;1149.99;1149.99;1149.99;1149.99;1149.99;1149.99;1149.99;1149.99;1149.99;1149.99;1149.99;1149.99;1149.99;1149.99;1149.99;1149.99;1149.99;1149.99;1149.99;1149.99;1149.99;1149.99;1149.99;1149.99;1149.99;1149.99;1149.99;1149.99;1149.99;1149.99;1039.90;1039.90;1149.99;1149.99;1149.99;1149.99;1149.99;1149.99;1149.99;1149.99;1149.99;1149.99;1149.99;1149.99;1049.90;1049.90;1149.99;1149.99;1149.99;1149.99;1149.99;1149.99;1399.99;1399.99;1679.99;1679.99;1679.99;1679.99;1679.99;1679.99;1679.99;1679.99;1679.99;1679.99;1679.99;1679.99;1679.99;1679.99;1679.99;1679.99;1679.99;1679.99;1679.99;1679.99;1299.99;1099.90;1099.90;1679.99;1679.99;1679.99;1679.99;1679.99;1679.99;1679.99;1679.99;1679.99
14;XPG GAMMIX D35 (Preto);https://meupc.net/peca/Wxi42I/memoria-xpg-gammix-d35-ax4u320016g16asbkd35;1235.20;1049.99;65.62;1x16 GB;16;Wxi42I;688.41;449.99;305.75;680.31;680.31;680.31;680.31;680.31;680.31;;;;;;;;;;;;;802.30;709.99;709.99;709.99;709.99;709.99;709.99;709.99;599.99;599.99;599.99;599.99;599.99;679.99;716.99;716.99;716.99;664.99;664.99;664.99;664.99;664.99;664.99;664.99;664.99;664.99;579.99;579.99;716.99;799.99;799.99;799.99;799.99;799.99;829.99;829.99;799.99;659.99;799.99;999.99;874.90;659.99;659.99;874.90;874.90;874.90;874.90;984.90;829.99;829.99;854.99;829.99;829.99;829.99;829.99;799.99;854.99;854.99;854.99;854.99;854.99;854.99;778.99;778.99;778.99;787.90;787.90;787.90;787.90;787.90;787.90;787.90;787.90;787.90;787.90;784.99;784.99;787.90;787.90;787.90;787.90;787.90;787.90;787.90;787.90;787.90;787.90;787.90;787.90;787.90;699.90;699.90;787.90;787.90;829.99;829.99;829.99;829.99;829.99;829.99;999.99;999.99;999.99;999.99;999.99;999.90;999.99;999.99;999.99;1099.99;999.99;999.99;999.99;999.99;1089.99;1089.99;1089.99;1089.99;1089.99;1089.99;1089.99;1089.99;1089.99;1089.99;1089.99;899.99;899.99;849.99;849.99;849.99;849.99;849.90;849.90;839.90;839.90;984.90;984.90;984.90;984.90;1089.99;1089.99;1089.99;899.99;899.99;899.99;899.99;999.99;999.99;999.99;889.90;889.90;889.90;848.99;848.99;848.99;848.99;848.99;1049.99;1049.99;1049.99
15;Corsair Corsair Vengeance RGB Pro (RGB);https://meupc.net/peca/rYyC27/memoria-corsair-vengeance-rgb-pro-cmw16gx4m2c3200c16;1482.34;1259.99;78.75;2x8 GB;16;rYyC27;;;;;;639.99;615.00;499.00;;799.00;799.00;799.00;799.00;799.00;799.00;799.00;799.00;799.00;799.00;799.00;685.00;685.00;;;;;;;;;;;;;;;;;;;750.00;750.00;1198.99;1198.99;1198.99;1098.99;1098.99;1098.99;1098.99;1098.99;1098.99;1098.99;1098.99;1098.99;1098.99;1098.99;1098.99;1098.99;1299.99;1299.99;1299.99;1299.99;1299.99;1298.99;1298.99;1298.99;1298.99;1499.99;1399.99;1399.99;1399.99;1399.99;1399.99;1399.99;1399.99;1399.99;1399.99;1399.99;1399.99;1399.99;1399.99;1399.99;1399.99;1399.99;1399.99;1399.99;1399.99;1399.99;1399.99;1399.99;1398.99;1398.99;1398.99;1329.90;1329.90;1329.90;1329.90;1329.90;1329.90;1398.99;1398.99;1398.99;1148.99;1198.99;1198.99;1198.99;1198.99;1399.99;1399.99;1298.99;1298.99;1298.99;1298.99;1298.99;1298.99;1298.99;1298.99;1298.99;1298.99;1298.99;1298.99;1298.99;1298.99;1298.99;1298.99;1298.99;1298.99;1298.99;1298.99;1298.99;1211.52;1211.52;1199.00;1199.00;1211.52;1211.52;1211.52;1260.02;1260.02;1260.02;1260.02;1299.00;1099.00;1099.00;1099.00;899.00;899.00;1211.52;1211.52;1211.52;1211.52;1211.52;1211.52;1211.52;1259.99;1259.99;1259.99;1259.99;1245.68;1245.68;1245.68;1245.68;1245.68;1259.99;1259.99;1259.99;1259.99;1259.99;1259.99;1259.99;1259.99;1259.99;1259.99;1259.99;1259.99;1259.99;1259.99;1259.99;1259.99;1259.99;1259.99
16;Geil Orion (Cinza);https://meupc.net/peca/XhhF2H/memoria-geil-orion-gaog416gb3200c22sc;1176.46;999.99;62.5;1x16 GB;16;XhhF2H;;;;;;349.99;;;;;;;309.99;;;;;;;;439.99;;;;;;;;;;;;;;;;;;;;;;;;;;;;;;;;;;;;;;;;;;;;;;;;1059.99;1059.99;1059.99;1009.99;1009.99;1009.99;1009.99;1009.99;1009.99;1009.99;1009.99;999.90;999.90;999.90;999.90;999.90;999.90;999.90;999.90;999.90;999.90;999.90;999.90;999.90;999.90;999.90;999.90;999.90;999.90;999.90;999.90;999.90;999.90;999.90;999.90;999.90;999.90;999.90;999.90;999.90;999.90;999.90;999.90;999.90;999.90;999.90;999.90;999.90;999.90;799.90;799.90;999.90;989.90;989.90;989.90;989.90;989.90;999.99;999.99;999.99;999.99;999.99;999.99;999.99;999.99;999.99;999.99;999.99;999.99;999.99;999.99;999.99;999.99;999.99;999.99;999.99;999.99;999.99;999.99;999.99;999.99;999.99;999.99;999.99;999.99;999.99;849.99;799.90;799.90;799.90;799.90;799.90;849.99;849.99;849.99;849.99;849.99;849.99;849.99;849.99;599.90;999.99;999.99;1159.00;799.90;799.90;799.99;799.99;999.99;799.90;799.90;799.90;799.90
18;Hiksemi Hiker (Preto);https://meupc.net/peca/NoDI6O/memoria-hiksemi-hiker-hsc416u32z1;941.16;799.99;50.0;1x16 GB;16;NoDI6O;419.00;349.99;329.99;329.99;329.99;349.99;349.99;349.99;429.99;429.99;359.99;359.99;359.99;359.99;359.99;359.99;359.99;359.99;359.99;359.99;359.99;359.99;449.00;449.00;499.99;499.99;499.99;499.99;499.99;499.99;499.99;499.99;499.99;499.99;499.99;499.99;499.99;499.99;499.99;499.99;499.99;499.99;499.99;499.99;499.99;499.99;499.99;699.99;699.99;699.99;699.99;699.99;699.99;699.99;699.99;699.99;699.99;699.99;699.99;699.99;699.99;699.99;699.99;699.99;699.99;699.99;699.99;699.99;699.99;699.99;699.99;699.99;699.99;699.99;699.99;699.99;699.99;699.99;699.99;699.99;699.99;699.99;699.99;699.99;699.99;699.99;699.99;699.99;699.99;699.99;699.99;699.99;699.99;699.99;699.99;699.99;699.99;699.99;699.99;699.99;699.99;699.99;699.99;699.99;699.99;699.99;699.99;699.99;699.99;699.99;699.99;699.99;699.99;699.99;699.99;699.99;699.99;699.99;699.99;699.99;699.99;699.99;699.99;699.99;699.99;699.99;699.99;699.99;699.99;699.99;699.99;699.99;699.99;699.99;699.99;699.99;699.99;699.99;699.99;699.99;699.99;699.99;699.99;699.99;699.99;699.99;699.99;699.99;699.99;699.99;699.99;699.99;699.99;699.99;699.99;699.99;699.99;699.99;699.99;699.99;699.99;699.99;699.99;699.99;699.99;699.99;699.99;699.99;699.99;699.99;699.99;699.99;699.99;699.99;699.99;699.99;699.99;699.99;799.99;799.99;799.99
19;Corsair Vengeance LPX (Preto);https://meupc.net/peca/5z60tV/memoria-corsair-vengeance-lpx-cmk16gx4m1e3200c16;899.00;899.00;56.19;1x16 GB;16;5z60tV;499.99;499.99;499.99;549.99;549.99;549.99;549.99;549.99;549.99;549.99;399.99;399.99;399.99;;;;;;;;;;;;642.99;642.99;642.99;642.99;642.99;;642.99;;;;;;;;;;;;;;;;;;;;;;;;;;;;;;;;;;;;;;;;;;949.99;949.99;949.99;949.99;949.99;949.99;949.99;949.99;949.99;949.99;949.99;949.99;949.99;949.99;1199.99;1199.99;1199.99;1199.99;1199.99;1199.99;1199.99;1109.90;1109.90;1109.90;1109.90;1109.90;1109.90;1199.99;1199.99;1199.99;1199.99;1199.99;1199.99;1199.99;1199.99;1199.99;1199.99;1199.99;1199.99;1199.99;1199.99;1199.99;1199.99;1199.99;1199.99;1199.99;1199.99;1199.99;1199.99;1139.99;1139.99;1139.99;1139.99;1139.99;1139.99;1139.99;1139.99;1069.99;1069.99;1069.99;1069.99;1094.99;1094.99;1094.99;1094.99;1094.99;1094.99;1094.99;1094.99;1094.99;1094.99;1094.99;1094.99;1094.99;1094.99;1094.99;1094.99;1094.99;1094.99;1094.99;1094.99;1094.99;1094.99;1094.99;1079.99;1079.99;1079.99;1079.99;1079.99;1079.99;1079.99;1079.99;1079.99;1079.99;1079.99;1079.99;1079.99;999.99;999.99;999.99;999.99;999.99;999.99;999.99;999.99;848.99;848.99;848.99;848.99
21;PCYes PM163200D4BR (RGB);https://meupc.net/peca/1n5xQv/memoria-pcyes-pm163200d4br-pm163200d4br;941.06;799.90;49.99;1x16 GB;16;1n5xQv;;;;;;;;;;;;;;;;;;;;;;;;;;;;;;;;;;;;;;;;;;;;;;;;;;;;;;;;;;;;;;;;;;;869.99;869.99;869.99;869.99;869.99;869.99;869.99;869.99;869.99;869.99;869.99;869.99;869.99;869.99;869.99;869.99;869.99;829.99;829.99;829.99;829.99;829.99;829.99;829.99;829.99;829.99;829.99;829.99;829.99;829.99;829.99;829.99;829.99;759.99;759.99;829.99;829.99;829.99;829.99;769.90;769.90;799.90;799.90;799.90;799.90;799.90;799.90;799.90;799.90;799.90;799.90;799.90;799.90;799.90;799.90;799.90;799.90;799.90;799.90;799.90;799.90;799.90;799.90;799.90;799.90;799.90;799.90;799.90;799.90;799.90;799.90;799.90;799.90;799.90;799.90;799.90;799.90;799.90;799.90;799.90;799.90;799.90;799.90;799.90;799.90;799.90;799.90;799.90;799.90;799.90;799.90;799.90;799.90;799.90;799.90;799.90;799.90;799.90;799.90;799.90;799.90;799.90;799.90;699.90;699.90;699.90;699.90;699.90;799.90;799.90;799.90;799.90;799.90;799.90;799.90
22;Corsair Vengeance RGB Pro SL (RGB);https://meupc.net/peca/cuX6s4/memoria-corsair-vengeance-rgb-pro-sl-cmh16gx4m2e3200c16w;1552.93;1319.99;82.5;2x8 GB;16;cuX6s4;;;;;;;;;;;;;;;;;;;;;;;;;;;;;;;;;;;;;;;;;;;;;;;;;1049.99;1049.99;1049.99;1049.99;1049.99;1049.99;1049.99;1049.99;1049.99;1049.99;1049.99;1209.99;1209.99;1209.99;1209.99;1209.99;1209.99;1209.99;1209.99;1209.99;1209.99;1209.99;1209.99;1209.99;1209.99;1209.99;1209.99;1059.00;1059.00;1059.00;1059.00;1059.00;1059.00;1059.00;1059.00;1059.00;1059.00;1059.00;1059.00;1089.99;1089.99;1089.99;1089.99;1089.99;1089.99;1089.99;1089.99;1089.99;1089.99;1089.99;1089.99;1089.99;1199.99;1199.99;1199.99;1199.99;1199.99;;;;;;;;;;;;;;;;;;;;;;;;;;;;;;;;;;;;;;;;;1319.99;1319.99;1319.99;1319.99;1319.99;1319.99;1319.99;1319.99;1319.99;1319.99;1319.99;1319.99;1319.99;1319.99;1319.99;1319.99;1319.99;1319.99;1319.99;1319.99;1319.99;1319.99;1319.99;1319.99;1319.99;1189.90;1189.90;1189.90;1189.90;1189.90;1199.90;1199.90;1199.90;1199.90;1199.90;1199.90
23;Rise Mode Aura RGB (RGB);https://meupc.net/peca/biV7U9/memoria-rise-mode-aura-rgb-rmd4ab16g3200argb;917.60;779.99;48.75;1x16 GB;16;biV7U9;;;;;;;;;;;;;;;;;;;;601.99;601.99;601.99;601.99;601.99;601.99;601.99;601.99;601.99;601.99;601.99;601.99;601.99;601.99;601.99;601.99;601.99;601.99;601.99;;;;;;;;;;;;866.61;866.61;866.61;601.99;866.61;866.61;866.61;989.91;989.91;989.91;989.91;989.91;989.91;1237.41;1237.41;1237.41;1237.41;984.99;984.99;935.99;935.99;935.99;842.99;842.99;1237.41;1237.41;1237.41;1237.41;1237.41;1237.41;1237.41;842.99;842.99;842.99;999.99;999.99;999.99;999.99;999.99;999.99;999.99;999.99;999.99;999.99;999.99;999.99;999.99;999.99;999.99;999.99;1237.41;849.99;849.99;849.99;849.99;849.99;849.99;849.99;1237.41;1237.41;1237.41;1237.41;1237.41;1229.90;1229.90;1129.90;1129.90;1129.90;1129.90;1129.90;1129.90;1129.90;1129.90;1229.90;1229.90;1129.90;1129.90;1229.90;1229.90;1229.90;1229.90;1229.90;1059.99;1059.99;1059.99;1059.99;973.90;973.90;973.90;973.90;973.90;973.90;973.90;844.99;844.99;844.99;844.99;844.99;879.90;879.90;869.90;869.90;869.90;869.90;869.90;869.90;869.90;869.90;829.99;829.99;829.99;829.99;779.90;779.90;779.90;779.90;779.90;779.90;779.90;779.90;779.90;779.90;779.99;779.99;779.99;779.99;779.99;779.99;779.99;779.99;779.99;779.99
24;Corsair Vengeance RGB RS (RGB);https://meupc.net/peca/gQ2o6K/memoria-corsair-vengeance-rgb-rs-cmg16gx4m1e3200c16;1223.52;1039.99;65.0;1x16 GB;16;gQ2o6K;;679.00;669.99;669.99;669.99;669.99;669.99;519.99;669.99;669.99;673.00;673.00;746.00;745.00;711.35;711.35;745.00;745.00;745.00;745.00;759.90;759.90;759.90;839.90;839.90;839.90;839.90;839.90;839.90;866.00;866.00;898.00;898.00;557.50;898.00;897.00;897.00;896.00;896.00;896.00;897.00;897.00;897.00;897.00;897.00;897.00;998.00;998.00;854.90;854.90;854.90;854.90;854.90;899.99;899.99;899.99;899.99;899.99;1119.99;1119.99;1298.00;1119.99;1119.99;1119.99;1119.99;1119.99;1119.99;1119.99;1119.99;1099.99;1119.99;1119.99;1119.99;1119.99;1119.99;1119.99;1119.99;1119.99;1119.99;1119.99;1119.99;1119.99;1119.99;1119.99;1119.99;1119.99;1119.99;1119.99;1119.99;1119.99;1129.00;1149.90;1149.90;1149.90;1149.90;1149.90;1209.99;1209.99;1209.99;1209.99;1139.99;1139.99;1139.99;1099.99;1099.99;1099.99;1099.99;1099.99;1099.99;1099.99;1099.99;1099.99;1099.99;1099.99;1099.99;1099.99;1099.99;1099.99;1032.84;1032.84;1032.84;1032.84;1032.84;1032.84;1032.84;1032.84;1032.84;1032.84;1032.84;1032.84;1032.84;1032.84;1032.84;1032.84;1159.99;1159.99;1159.99;1159.99;1159.99;1159.99;1159.99;1099.99;1099.99;1099.99;1099.99;1039.99;1039.99;1039.99;1039.99;1039.99;1039.99;1039.99;1039.99;1039.99;1039.99;1039.99;1039.99;949.99;949.99;899.99;899.99;899.99;899.99;899.99;899.99;899.99;899.99;899.99;899.99;1039.99;1039.99;1039.99;1039.99;1039.99;1039.99;1039.99;1039.99;1039.99;1039.99;1039.99;1039.99
25;Crucial CT16G4DFRA32A (Verde);https://meupc.net/peca/Cqz7v9/memoria-crucial-ct16g4dfra32a;799.99;799.99;50.0;1x16 GB;16;Cqz7v9;;459.00;459.00;459.00;459.00;459.00;459.99;459.99;459.99;459.99;459.99;459.99;459.99;459.99;548.00;548.00;379.90;379.90;560.00;560.00;560.00;560.00;579.00;579.00;579.00;579.00;560.00;560.00;579.00;579.00;379.90;379.90;647.90;647.90;647.90;647.90;647.90;647.90;647.90;647.90;647.90;647.90;647.90;647.90;647.90;647.90;647.90;647.90;647.90;647.90;729.99;729.99;729.99;729.99;729.99;729.99;729.99;729.99;379.90;729.99;729.99;729.99;729.99;729.99;729.99;759.90;759.90;759.90;759.90;869.00;949.89;949.89;949.89;949.89;949.89;949.89;949.89;949.89;949.89;899.75;899.75;899.75;899.75;949.89;949.89;949.89;949.89;949.89;949.89;529.00;1079.00;998.00;998.00;998.00;998.00;998.00;998.00;1099.49;999.99;750.00;750.00;750.00;750.00;750.00;750.00;750.00;750.00;750.00;750.00;750.00;750.00;750.00;750.00;750.00;750.00;760.00;751.00;751.00;789.00;912.00;950.00;950.00;760.00;760.00;950.00;950.00;950.00;949.00;949.00;751.00;751.00;751.00;751.00;751.00;751.00;879.00;870.00;870.00;870.00;870.00;950.00;950.00;950.00;950.00;950.00;950.00;937.87;849.99;760.00;760.00;760.00;760.00;760.00;760.00;760.00;804.00;804.00;804.00;804.00;804.00;749.99;749.99;749.99;749.99;749.99;739.00;739.00;749.99;749.99;749.99;749.99;725.00;725.00;749.99;749.99;749.99;749.99;749.99;765.00;799.99;799.99
26;Geil Orion (Vermelho);https://meupc.net/peca/Lg3we4/memoria-geil-orion-gaor416gb3200c16bsc;1164.59;989.90;61.87;1x16 GB;16;Lg3we4;;449.99;449.99;449.99;449.99;449.99;449.99;449.99;449.99;;;;;;;;;;;;;;;;;;;;;459.99;;;;;;;;;;;;;;;559.99;;;;;;;;;;;;;;;;;;;;;;;;1099.99;1099.99;1099.99;1099.99;1099.99;1099.99;1099.99;1099.99;1099.99;1099.99;1099.99;1099.99;1099.99;1099.99;1099.99;1099.99;1099.99;1099.99;1099.99;1099.99;1099.99;1099.99;1099.99;1099.99;1099.99;1099.99;1099.99;1099.99;1099.99;1099.99;1099.99;1099.99;1099.99;1099.99;1099.99;1099.99;1099.99;1099.99;1099.99;1099.99;1099.99;1099.99;1099.99;1099.99;1099.99;1099.99;1099.99;1099.99;1099.99;1099.99;1099.99;1099.99;1045.90;1045.90;1045.90;1045.90;989.90;989.90;989.90;989.90;989.90;989.90;989.90;989.90;989.90;989.90;989.90;989.90;989.90;989.90;989.90;989.90;989.90;989.90;989.90;989.90;989.90;989.90;989.90;989.90;989.90;989.90;989.90;989.90;989.90;989.90;989.90;799.90;799.90;799.90;799.90;799.90;989.90;989.90;989.90;989.90;989.90;989.90;989.90;989.90;989.90;989.90;989.90;989.90;989.90;989.90;989.90;989.90;989.90;989.90;1329.99;699.99;699.99
28;Kingston KVR32N22S8-16 (Verde);https://meupc.net/peca/EtExZp/memoria-kingston-kvr32n22s8-16-kvr32n22s8-16;809.00;809.00;50.56;1x16 GB;16;EtExZp;;339.99;389.90;375.00;375.00;375.00;369.90;293.49;375.00;420.00;389.90;386.00;389.90;449.80;449.90;389.90;389.90;389.90;389.90;389.90;519.83;375.00;375.00;389.90;399.90;399.90;429.90;;;;699.99;699.99;699.99;699.99;699.99;699.99;699.99;699.99;728.19;579.00;579.00;549.90;549.90;549.90;549.90;549.90;579.00;549.90;524.57;549.90;620.00;620.00;665.00;665.00;665.00;699.99;650.00;650.00;719.99;719.99;719.99;719.99;719.99;719.99;719.99;719.99;719.99;719.99;719.99;719.99;719.99;719.99;860.00;860.00;860.00;728.19;803.56;803.56;845.00;638.17;711.30;845.00;845.00;845.00;845.00;845.00;886.00;886.00;886.00;886.00;886.00;886.00;850.00;850.00;849.00;822.00;822.00;822.00;803.56;780.00;845.00;845.00;849.00;649.15;649.15;823.53;649.15;649.15;823.53;823.53;823.53;823.53;823.53;823.53;823.53;823.53;950.00;950.00;950.00;950.00;950.00;885.50;950.00;950.00;950.00;950.00;974.96;974.96;974.96;974.96;974.96;974.96;974.96;974.96;974.95;974.95;974.95;974.95;974.95;974.95;974.95;947.75;947.75;947.75;947.75;947.75;940.00;940.00;940.00;940.00;940.00;940.00;940.00;890.00;890.00;868.00;868.00;833.00;833.00;833.00;740.00;740.00;703.00;740.00;740.00;740.00;740.00;740.00;755.00;755.00;755.00;755.00;755.00;755.00;820.00;770.00;770.00;820.00;820.00;820.00;809.00
29;Hiksemi Armor (Preto);https://meupc.net/peca/HuYmV7/memoria-hiksemi-armor-hsc416u32d2;1164.69;989.99;61.87;1x16 GB;16;HuYmV7;;459.99;459.99;459.99;459.99;459.99;459.99;459.99;459.99;459.99;459.99;459.99;459.99;459.99;459.99;459.99;459.99;459.99;459.99;459.99;459.99;459.99;579.99;579.99;579.99;579.99;579.99;579.99;579.99;579.99;579.99;579.99;579.99;579.99;579.99;579.99;579.99;579.99;579.99;579.99;579.99;579.99;579.99;579.99;579.99;579.99;579.99;759.99;759.99;759.99;759.99;759.99;759.99;759.99;759.99;759.99;759.99;759.99;759.99;759.99;759.99;759.99;759.99;759.99;759.99;759.99;759.99;759.99;759.99;759.99;759.99;759.99;759.99;759.99;759.99;759.99;759.99;759.99;759.99;759.99;759.99;759.99;759.99;759.99;759.99;759.99;759.99;759.99;759.99;759.99;759.99;759.99;759.99;759.99;759.99;759.99;759.99;759.99;759.99;759.99;759.99;759.99;759.99;759.99;759.99;759.99;759.99;759.99;759.99;759.99;759.99;759.99;759.99;759.99;759.99;759.99;759.99;759.99;759.99;759.99;759.99;759.99;759.99;759.99;759.99;759.99;759.99;759.99;759.99;759.99;759.99;759.99;759.99;759.99;759.99;759.99;759.99;759.99;759.99;759.99;759.99;759.99;759.99;759.99;759.99;759.99;759.99;759.99;759.99;759.99;759.99;759.99;759.99;759.99;759.99;759.99;759.99;759.99;759.99;759.99;759.99;759.99;759.99;759.99;759.99;759.99;759.99;759.99;759.99;759.99;759.99;759.99;759.99;759.99;759.99;759.99;759.99;759.99;989.99;989.99;989.99
30;XPG GAMMIX D35 (Branco);https://meupc.net/peca/bS93Yw/memoria-xpg-gammix-d35-ax4u320016g16aswhd35;1175.28;998.99;62.44;1x16 GB;16;bS93Yw;;599.99;599.99;599.99;599.99;599.99;599.99;599.99;521.91;521.91;521.91;521.91;521.91;521.91;521.91;521.91;521.91;528.21;528.21;533.61;533.61;533.61;749.99;749.99;749.99;749.99;749.99;749.99;929.99;929.99;547.99;547.99;547.99;547.99;699.99;699.99;699.99;699.99;699.99;699.99;699.99;699.99;699.99;699.99;599.99;599.99;599.99;599.99;599.99;599.99;599.99;799.99;799.99;799.99;799.99;799.99;949.99;1049.99;1049.99;799.99;799.99;799.99;1049.99;1199.99;999.99;999.99;999.99;999.99;999.99;999.99;999.99;999.99;970.99;970.99;970.99;970.99;999.99;999.99;999.99;999.99;999.99;999.99;999.99;799.99;799.99;999.99;919.99;919.99;919.99;849.90;849.90;970.99;970.99;899.99;899.99;899.99;899.99;899.99;899.99;999.99;839.99;839.99;839.99;839.99;809.90;809.90;999.99;999.99;999.99;999.99;999.99;999.99;809.90;809.90;809.90;809.90;809.90;999.99;999.99;999.99;859.90;859.90;999.99;999.99;999.99;999.99;999.99;999.99;999.99;999.99;999.99;999.99;999.99;999.99;999.99;999.99;999.99;999.99;999.99;899.90;899.90;999.99;999.99;999.99;999.99;999.99;999.99;999.99;999.99;999.99;999.99;999.99;999.99;999.99;999.99;849.90;849.90;849.90;849.90;849.90;1099.90;1099.90;1099.90;1099.90;1099.90;1079.99;1079.90;1079.90;1079.90;1079.90;1079.90;1079.90;1079.90;1079.90;1079.90;999.90;999.90;998.99;998.99;998.99;998.99
31;Kingston Fury Beast RGB (RGB);https://meupc.net/peca/45stnY/memoria-kingston-fury-beast-rgb-kf432c16bb12a16;949.99;949.99;59.37;1x16 GB;16;45stnY;579.00;579.00;599.00;573.00;573.00;619.99;399.90;511.32;619.99;619.99;619.99;619.99;619.99;688.99;688.99;688.99;689.90;689.90;689.90;689.90;550.00;749.00;758.99;754.00;758.99;758.99;758.99;758.99;800.55;890.91;890.91;890.91;799.99;799.99;799.99;750.00;890.00;850.00;799.99;799.99;799.99;799.99;890.91;890.91;890.91;890.91;890.91;890.91;890.91;890.91;890.91;930.05;998.00;998.00;998.00;1029.00;1029.00;999.00;999.00;999.00;998.00;998.00;998.00;998.00;998.00;998.00;998.00;998.00;998.00;998.00;1178.99;1178.99;1148.99;1148.99;1148.99;1099.00;1099.00;1089.00;1078.99;1078.99;1078.99;1078.99;999.00;999.00;999.00;1078.99;1067.00;1098.99;1098.99;1098.99;1098.99;1098.99;1098.99;1098.99;1098.99;1098.99;1098.99;999.00;999.00;1098.99;1098.99;1148.99;1148.99;1148.99;1138.99;999.00;999.00;999.00;998.99;914.00;998.99;999.00;999.00;998.99;799.99;1176.99;988.00;988.00;988.00;1199.99;1199.99;1199.99;999.00;999.00;1022.00;1022.00;999.00;1022.00;1022.00;1022.00;1022.00;999.99;1022.00;1022.00;1022.00;1022.00;1022.00;1022.00;1022.00;1022.00;1022.00;1022.00;1022.00;1022.00;1022.00;1022.00;1022.00;1022.00;1022.00;1022.00;1022.00;1011.00;999.99;999.99;999.99;999.99;970.00;949.99;949.99;949.99;949.99;949.99;949.99;949.99;949.99;949.99;949.99;949.99;899.99;899.99;949.99;970.00;970.00;970.00;970.00;970.00;949.99;949.99;949.99;949.99;949.99
32;Patriot Viper (Vermelho / Preto);https://meupc.net/peca/190sX6/memoria-patriot-viper-pve2416g320c8;928.00;928.00;58.0;1x16 GB;16;190sX6;;412.00;412.00;412.00;412.00;412.00;412.00;412.00;412.00;429.90;429.90;459.99;459.99;459.99;459.99;459.99;459.99;459.99;459.99;459.99;459.99;459.99;599.99;599.99;599.99;599.99;599.99;599.99;599.99;599.99;599.99;599.99;599.99;599.99;599.99;599.99;599.99;599.99;599.99;599.99;599.99;599.99;599.99;599.99;599.99;599.99;599.99;899.99;899.99;899.99;899.99;899.99;899.99;899.99;899.99;899.99;899.99;899.99;899.99;899.99;899.99;899.99;899.99;899.99;899.99;899.99;899.99;899.99;899.99;899.99;899.99;899.99;899.99;899.99;899.99;899.99;899.99;289.00;830.00;830.00;899.99;899.99;899.99;669.95;669.95;899.99;899.99;899.99;899.99;899.99;899.99;899.99;899.99;899.99;899.99;899.99;899.99;899.99;899.99;899.99;899.99;899.99;899.99;899.99;899.99;899.99;899.99;899.99;899.99;899.99;899.99;899.99;899.99;899.99;899.99;899.99;899.99;899.99;899.99;899.99;899.99;899.99;899.99;899.99;899.99;899.99;899.99;899.99;899.99;899.99;899.99;899.99;899.99;899.99;899.99;899.99;899.99;899.99;899.99;899.99;899.99;899.99;899.99;899.99;899.99;899.99;899.99;899.99;899.99;899.99;899.99;899.99;899.99;899.99;899.99;899.99;899.99;899.99;899.99;899.99;899.99;899.99;899.99;899.99;899.99;899.99;899.99;899.99;899.99;899.99;899.99;899.99;899.99;899.99;899.99;899.99;899.99;899.99;959.99;959.99;928.00
33;PCYes PM163200D4WR (RGB);https://meupc.net/peca/Cx4dYn/memoria-pcyes-pm163200d4wr-pm163200d4wr;976.46;829.99;51.87;1x16 GB;16;Cx4dYn;;;;;;;;;;;;;;;;;;;;;;;;;;;;;;;;;;;;;;;;;;;;;;;;;;;;;;;;;;;;;;;;;;;829.99;829.99;829.99;829.99;829.99;829.99;829.99;829.99;829.99;829.99;829.99;829.99;829.99;829.99;829.99;829.99;829.99;829.99;829.99;829.99;829.99;829.99;829.99;829.99;829.99;829.99;829.99;829.99;829.99;829.99;829.99;829.99;829.99;829.99;829.99;829.99;829.99;829.99;829.99;829.99;829.99;829.99;829.99;829.99;829.99;829.99;829.99;829.99;829.99;829.99;829.99;829.99;829.99;829.99;829.99;829.99;829.99;829.99;829.99;829.99;829.99;829.99;829.99;829.99;829.99;829.99;829.99;829.99;829.99;829.99;829.99;829.99;829.99;759.90;759.90;829.99;829.99;829.99;829.99;829.99;829.99;829.99;829.99;829.99;829.99;829.99;829.99;829.99;829.99;829.99;829.99;829.99;829.99;829.99;829.99;829.99;829.99;829.99;829.99;829.99;829.99;829.99;829.99;699.90;699.90;699.90;699.90;699.90;699.90;829.99;829.99;829.99;829.99;829.99;829.99
34;XPG Spectrix D41 (RGB);https://meupc.net/peca/beK9X7/memoria-xpg-spectrix-d41-ax4u32008g16adt41;1764.59;1499.90;93.74;2x8 GB;16;beK9X7;;;;;;;;;;;;;;;;;;;;;;;;;;;;;;;;;;;899.99;899.99;899.99;899.99;899.99;899.99;899.99;899.99;899.99;899.99;899.99;899.99;899.99;899.99;;899.99;899.99;;;;;;;;;;;;;;;;;;;;;;;;;;;;;;;;;;1149.99;1149.99;1149.99;1149.99;1149.99;1149.99;1149.99;1149.99;1149.99;1149.99;1149.99;1149.99;1149.99;1149.99;1149.99;1149.99;1149.99;1149.99;1149.99;1149.99;1149.99;1149.99;1149.99;1149.99;1149.99;1149.99;1149.99;1149.99;1149.99;1149.99;1149.99;1149.99;1149.99;1149.99;1149.99;1149.99;1149.99;1149.99;1149.99;1149.99;1149.99;1149.99;1149.99;1149.99;1149.99;1149.99;1149.99;1149.99;1149.99;1149.99;1149.99;1149.99;1149.99;1149.99;1149.99;;;;;;;;;;;;;;;;;;;;;;;;;;;;1369.99;1499.90;1499.90;1499.90;1499.90;1499.90;1499.90;1499.90;1499.90;1499.90;1499.90;1499.90;1499.90;1499.90;1499.90
36;Redragon Rage (Branco);https://meupc.net/peca/BP9mEH/memoria-redragon-rage-gm-712;1723.46;1723.46;107.72;1x16 GB;16;BP9mEH;;;;;;;;;;;;;;;;;;;;;;;;;;;;;;;;;;;;;;;;;;;;;;;;;;;;;;;;;;;;;;;;;;;;;;;;;;;;;;;;;;;;;;;;;1200.00;1200.00;1200.00;1200.00;1200.00;1200.00;1200.00;1200.00;1200.00;1200.00;1200.00;1200.00;1200.00;1200.00;1200.00;1100.00;1100.00;1100.00;1100.00;1100.00;1100.00;1100.00;1100.00;1100.00;1100.00;1100.00;1100.00;1100.00;1100.00;1100.00;1100.00;1100.00;1100.00;1100.00;1000.00;1000.00;1000.00;1000.00;1000.00;1000.00;1000.00;1000.00;1000.00;1000.00;1000.00;1100.00;1100.00;1100.00;1100.00;1100.00;999.00;999.00;999.00;999.00;999.00;999.00;999.00;899.10;899.10;899.10;899.10;899.10;899.10;899.10;899.10;849.15;799.00;799.00;799.00;900.00;899.00;862.00;862.00;862.00;862.00;862.00;862.00;862.00;862.00;862.00;862.00;1723.46;1723.46;1723.46;1723.46;1723.46;1723.46;1723.46;1723.46;1723.46;1723.46;1723.46;1723.46
40;Rise Mode Viper (Branco);https://meupc.net/peca/AMDGJ7/memoria-rise-mode-viper-rm-d4-16g-3200vp-w;1323.50;1124.99;70.31;1x16 GB;16;AMDGJ7;;;;;;;;;;;;;;;;;;;;;;;;;;;;;;;;463.99;;;;;;;;;463.99;463.99;;;;;;;;;;;;;;;;;;849.99;1203.99;1416.99;1338.99;989.99;989.99;990.00;990.00;990.00;990.00;990.00;990.00;990.00;990.00;990.00;990.00;990.00;799.99;799.99;799.99;1199.99;1199.99;1199.99;1199.99;1199.99;999.99;999.99;999.99;999.99;999.99;999.99;999.99;999.99;999.99;999.99;999.99;999.99;999.99;999.99;999.99;999.99;999.99;999.99;999.99;999.99;999.99;999.99;999.99;999.99;999.99;999.99;999.99;999.99;949.90;949.90;949.90;949.90;949.90;949.90;949.90;879.90;879.90;879.90;879.90;879.90;879.90;879.90;879.90;1199.99;1199.99;1199.99;1199.99;1199.99;1199.99;1199.99;1199.99;1092.90;1092.90;1092.90;1092.90;981.99;1092.99;1092.99;1092.99;1092.99;1092.99;1092.99;999.90;999.90;999.90;999.90;1139.90;1139.90;1139.90;1139.90;1139.90;1139.90;1139.90;1139.90;1139.90;1139.90;899.99;899.99;899.99;899.99;899.99;899.99;899.99;899.99;899.99;1124.99;1124.99;1124.99;1124.99;1124.99;1124.99;1124.99;1124.99;1124.99;1124.99;1124.99;1124.99
42;Hiksemi Armor (Branco);https://meupc.net/peca/rdFBEy/memoria-hiksemi-armor-hsc416u32e2;1058.81;899.99;56.25;1x16 GB;16;rdFBEy;;459.99;459.99;459.99;459.99;459.99;459.99;459.99;459.99;459.99;459.99;459.99;459.99;459.99;459.99;459.99;459.99;459.99;459.99;459.99;459.99;459.99;579.99;579.99;579.99;579.99;579.99;579.99;579.99;579.99;579.99;579.99;579.99;579.99;579.99;579.99;579.99;579.99;579.99;579.99;579.99;579.99;579.99;579.99;579.99;579.99;579.99;759.99;759.99;759.99;759.99;759.99;759.99;759.99;759.99;759.99;759.99;759.99;759.99;759.99;759.99;759.99;759.99;759.99;759.99;759.99;759.99;759.99;759.99;759.99;759.99;759.99;759.99;759.99;759.99;759.99;759.99;759.99;759.99;759.99;759.99;759.99;759.99;759.99;759.99;759.99;759.99;759.99;759.99;759.99;759.99;759.99;759.99;759.99;759.99;759.99;759.99;759.99;759.99;759.99;759.99;759.99;759.99;759.99;759.99;759.99;759.99;759.99;759.99;759.99;759.99;759.99;759.99;759.99;759.99;759.99;759.99;759.99;759.99;759.99;759.99;759.99;759.99;759.99;759.99;759.99;759.99;759.99;759.99;759.99;759.99;759.99;759.99;759.99;759.99;759.99;759.99;759.99;759.99;759.99;759.99;759.99;759.99;759.99;759.99;759.99;759.99;759.99;759.99;759.99;759.99;759.99;759.99;759.99;759.99;759.99;759.99;759.99;759.99;759.99;759.99;759.99;759.99;759.99;759.99;759.99;759.99;759.99;759.99;759.99;759.99;759.99;759.99;759.99;759.99;759.99;759.99;759.99;899.99;899.99;899.99
43;Corsair VENGEANCE RGB PRO SL (Preto);https://meupc.net/peca/bgRr44/memoria-corsair-vengeance-rgb-pro-sl-cmh16gx4m2e3200c16;1529.40;1299.99;81.25;2x8 GB;16;bgRr44;;;;;;;;;;;;;;;;;;;;;;;;;974.99;974.99;974.99;974.99;974.99;974.99;974.99;974.99;974.99;974.99;974.99;974.99;974.99;974.99;974.99;974.99;974.99;974.99;974.99;974.99;974.99;974.99;974.99;974.99;974.99;974.99;1059.99;1059.99;1059.99;1059.99;1059.99;974.99;1059.99;1059.99;1059.99;1059.99;1059.99;1059.99;1209.99;1209.99;1209.99;1209.99;1209.99;1209.99;1209.99;1209.99;1209.99;1209.99;1209.99;1209.99;1209.99;1059.00;1059.00;1059.00;1059.00;1059.00;1059.00;1059.00;1059.00;1059.00;1059.00;1059.00;1059.00;1059.00;1059.00;1059.00;1059.00;1059.00;1059.00;1059.00;1059.00;1059.00;1059.00;1059.00;1059.00;1059.00;1199.90;1199.90;1199.90;1199.90;1199.90;1199.90;1199.90;1199.90;1199.90;1199.90;1199.90;1199.90;1199.90;1199.90;1199.90;1199.90;1199.90;1199.90;1199.90;1199.90;1199.90;1199.90;1199.90;1199.90;1198.99;1198.99;1198.99;1198.99;1199.90;1199.90;1199.90;1199.90;1199.90;1199.90;1194.99;1194.99;1194.99;1194.99;1194.99;1194.99;1194.99;1194.99;1194.99;1194.99;1194.99;1194.99;1194.90;1193.99;1193.99;1193.99;1193.99;1193.99;1189.90;1189.90;1189.90;1189.90;1189.90;1189.90;1599.99;1193.99;1193.99;1193.99;1193.99;1193.99;1599.99;1599.99;1599.99;1599.99;1599.99;1599.99;1299.99;1299.99;1299.99;1299.99;1299.99;1299.99;1299.99;1299.99;1299.99;1299.99;1299.99
49;Kingston Fury Beast (Preto);https://meupc.net/peca/uzZsY2/memoria-kingston-fury-beast-kf432c16bb116wp;1152.93;979.99;61.25;1x16 GB;16;uzZsY2;;459.99;409.99;409.99;409.99;409.99;409.99;469.99;399.99;399.99;469.99;469.99;469.99;469.99;469.99;469.99;469.99;469.99;469.99;469.99;469.99;749.18;469.99;469.99;699.99;699.99;699.99;699.99;699.99;699.99;699.99;699.99;699.99;699.99;829.99;829.99;829.99;829.99;829.99;829.99;829.99;829.99;829.99;829.99;829.99;829.99;829.99;829.99;929.99;929.99;929.99;929.99;929.99;929.99;929.99;929.99;929.99;1019.99;1019.99;1019.99;1019.99;1019.99;1019.99;900.99;900.99;1019.99;1019.99;1019.99;1019.99;899.99;899.99;470.00;749.99;749.99;769.99;769.99;769.99;769.99;769.99;769.99;769.99;769.99;999.99;999.99;890.00;890.00;1150.00;1150.00;990.00;1150.00;1116.00;1116.00;1118.99;1118.99;1118.99;1118.99;1118.99;1118.99;1118.99;1118.99;1118.99;1118.99;1118.99;1118.99;1118.99;1118.99;1199.90;1199.90;1199.90;1118.99;1199.90;1199.90;1199.90;1199.90;1199.90;1199.90;1199.90;1199.90;1199.90;829.00;929.00;800.00;1199.90;1199.90;1199.90;1199.90;1199.90;1199.90;1199.90;1199.90;1199.90;1199.90;1089.99;1089.99;1089.99;1089.99;1089.99;1089.99;1089.99;1089.99;1089.99;1089.99;1089.99;1089.99;1089.99;1089.99;1089.99;1089.99;1089.99;1089.99;1089.99;1089.99;1089.99;1089.99;1089.99;1085.00;1085.00;1089.99;1085.00;1085.00;849.99;849.99;1085.00;1085.00;1085.00;1085.00;1085.00;1085.00;1089.99;1085.00;1085.00;1089.99;1089.99;1089.99;1089.99;1089.99;1089.99;979.99;979.99;979.99;979.99
51;Kingston Fury Beast (Preto);https://meupc.net/peca/uzZsY2/memoria-kingston-fury-beast-kf432c16bb116wp;1152.93;979.99;61.25;1x16 GB;16;uzZsY2;;459.99;409.99;409.99;409.99;409.99;409.99;469.99;399.99;399.99;469.99;469.99;469.99;469.99;469.99;469.99;469.99;469.99;469.99;469.99;469.99;749.18;469.99;469.99;699.99;699.99;699.99;699.99;699.99;699.99;699.99;699.99;699.99;699.99;829.99;829.99;829.99;829.99;829.99;829.99;829.99;829.99;829.99;829.99;829.99;829.99;829.99;829.99;929.99;929.99;929.99;929.99;929.99;929.99;929.99;929.99;929.99;1019.99;1019.99;1019.99;1019.99;1019.99;1019.99;900.99;900.99;1019.99;1019.99;1019.99;1019.99;899.99;899.99;470.00;749.99;749.99;769.99;769.99;769.99;769.99;769.99;769.99;769.99;769.99;999.99;999.99;890.00;890.00;1150.00;1150.00;990.00;1150.00;1116.00;1116.00;1118.99;1118.99;1118.99;1118.99;1118.99;1118.99;1118.99;1118.99;1118.99;1118.99;1118.99;1118.99;1118.99;1118.99;1199.90;1199.90;1199.90;1118.99;1199.90;1199.90;1199.90;1199.90;1199.90;1199.90;1199.90;1199.90;1199.90;829.00;929.00;800.00;1199.90;1199.90;1199.90;1199.90;1199.90;1199.90;1199.90;1199.90;1199.90;1199.90;1089.99;1089.99;1089.99;1089.99;1089.99;1089.99;1089.99;1089.99;1089.99;1089.99;1089.99;1089.99;1089.99;1089.99;1089.99;1089.99;1089.99;1089.99;1089.99;1089.99;1089.99;1089.99;1089.99;1085.00;1085.00;1089.99;1085.00;1085.00;849.99;849.99;1085.00;1085.00;1085.00;1085.00;1085.00;1085.00;1089.99;1085.00;1085.00;1089.99;1089.99;1089.99;1089.99;1089.99;1089.99;979.99;979.99;979.99;979.99
52;Kingston Fury Beast RGB (RGB);https://meupc.net/peca/JpWWJq/memoria-kingston-fury-beast-rgb-kf432c16bb12a-16wp;1411.75;1199.99;75.0;1x16 GB;16;JpWWJq;;;;;;;;;;;;;;;;;;;;;;;;;;;;;;;;;;;;;;;;;;;;;;;;;;;;;;;;;;;;;;;;;;;1399.99;1399.99;1399.99;1399.99;1399.99;1399.99;1399.99;1399.99;1399.99;1399.99;1399.99;1399.99;1399.99;1399.99;1399.99;1399.99;1199.99;1199.99;1199.99;1199.99;1199.99;1199.99;1199.99;1199.99;1199.99;1199.99;1199.99;1199.99;1199.99;1199.99;1199.99;1199.99;1199.99;1199.99;1199.99;1089.99;1089.99;1089.99;1089.99;1089.99;1089.99;1089.99;1089.99;1089.99;1089.99;1089.99;1099.99;1099.99;1099.99;1099.99;1099.99;1099.99;1099.99;1099.99;1099.99;1099.99;1099.99;1099.99;1099.99;1099.99;1099.99;1099.99;979.99;979.99;979.99;979.99;979.99;1109.99;1109.99;1109.99;1109.99;1109.99;1039.99;1029.99;1029.99;1029.99;999.99;999.99;999.99;999.99;999.99;999.99;999.99;999.99;999.99;999.99;999.99;999.99;999.99;999.99;949.99;949.99;999.99;999.99;999.99;999.99;999.99;999.99;999.99;999.99;999.99;999.99;949.99;949.99;949.99;949.99;1199.99;1199.99;1199.99;1199.99;1199.99;1199.99;1199.99;1199.99;1199.99
56;Redragon Flame (Preto);https://meupc.net/peca/AW1OfS/memoria-redragon-flame-gm-704;1058.71;899.90;56.24;1x16 GB;16;AW1OfS;;299.99;329.99;329.99;395.00;299.99;415.00;299.99;549.19;549.19;549.19;549.19;549.19;549.19;549.19;549.19;549.19;549.19;549.19;549.19;349.99;389.99;585.90;585.90;349.99;585.90;585.90;585.90;585.90;585.90;585.90;659.03;659.03;659.03;659.03;659.03;659.03;659.03;659.03;659.03;659.03;659.03;659.03;659.03;659.03;659.03;799.00;799.00;799.00;799.00;799.00;799.00;799.00;799.00;799.00;799.00;799.00;799.00;799.00;799.00;799.00;799.00;799.00;799.00;799.00;799.00;899.00;899.00;899.00;1299.00;1299.00;1299.00;1299.00;1299.00;1299.00;1299.00;1299.00;1299.00;1299.00;1299.00;1299.00;1299.00;1299.00;1299.00;1299.00;1299.00;1299.00;979.00;979.00;939.00;889.00;889.00;889.00;889.00;849.00;849.00;849.00;849.00;849.00;849.00;799.00;799.00;799.00;799.00;799.00;799.00;799.00;799.00;799.00;799.00;799.00;799.00;799.00;799.00;799.00;799.00;799.00;799.00;790.00;790.00;790.00;790.00;790.00;890.00;890.00;890.00;890.00;890.00;689.00;689.00;689.00;689.00;689.00;890.00;890.00;890.00;1299.00;1299.00;1299.00;1299.00;1299.00;1299.00;1299.00;1299.00;1299.00;1299.00;1299.00;;;;;;;;;;;;;;;;;;;;;;899.90;899.90;899.90;899.90;899.90;899.90;899.90;899.90;899.90;899.90;899.90;899.90;899.90
63;ADATA XPG Spectrix D50 (RGB);https://meupc.net/peca/bkIs66/memoria-adata-xpg-spectrix-d50-ax4u320016g16ast50;1411.75;1199.99;75.0;1x16 GB;16;bkIs66;;635.31;635.31;635.31;635.31;635.31;635.31;635.31;510.21;510.21;510.21;510.21;510.21;510.21;510.21;510.21;510.21;516.51;516.51;521.91;521.91;521.91;;;;;;;;;;;;770.99;770.99;770.99;770.99;770.99;770.99;770.99;770.99;770.99;770.99;770.99;699.99;699.99;699.99;699.99;699.99;699.99;746.99;;;;;;;879.99;879.99;909.99;909.99;907.99;907.99;907.99;907.99;1358.99;1358.99;1358.99;1291.99;1291.99;1291.99;1162.99;1162.99;1162.99;1162.99;1162.99;1162.99;1162.99;1162.99;1162.99;1162.99;1162.99;1162.99;1162.99;1149.99;1149.99;1149.99;1149.99;1149.99;1149.99;1149.99;1149.99;1149.99;1149.99;1149.99;1149.99;1149.99;1149.99;1149.99;1149.99;1149.99;1149.99;1149.99;1149.99;1149.99;1149.99;1149.99;1149.99;1149.99;1149.99;1149.99;1149.99;1149.99;1149.99;1149.99;1149.99;1149.99;1099.99;1099.99;1099.99;1099.99;1099.99;1099.99;1099.99;1099.99;1099.99;1099.99;1099.99;1099.99;1099.99;1099.99;1099.99;1099.99;1099.99;999.99;999.99;999.99;999.99;999.99;866.99;999.99;999.99;999.99;999.99;999.99;999.99;999.99;999.99;999.99;999.99;999.99;999.99;999.99;999.99;999.99;999.99;999.99;999.99;999.99;999.99;1199.99;1199.99;1199.99;1199.99;1199.99;1199.99;1199.99;1199.99;1199.99;1199.99;1199.99;1199.99;1199.99;1199.99;1199.99;1199.99;999.90;999.90;999.90;999.90;999.90
71;TeamGroup T-FORCE DELTA RGB (Branco);https://meupc.net/peca/bry8V2/memoria-team-t-force-delta-rgb-tf4d416g3200hc16cdc01;1987.86;1987.86;124.24;2x8 GB;16;bry8V2;;1199.86;1199.86;1199.86;1199.86;1199.86;1199.86;1199.86;1199.86;1199.86;1199.86;1199.86;1199.86;1199.86;1199.86;1199.86;1199.86;1199.86;1199.86;1199.86;1199.86;1199.86;1199.86;1199.86;1199.86;1199.86;1199.86;1199.86;1199.86;1497.86;1497.86;1497.86;1497.86;1497.86;1497.86;1497.86;1497.86;1497.86;1497.86;1497.86;1497.86;1497.86;1497.86;1497.86;1497.86;1497.86;1497.86;1497.86;1497.86;1497.86;1497.86;1497.86;1497.86;1497.86;1497.86;1497.86;1497.86;1497.86;1497.86;1497.86;1497.86;1497.86;1497.86;1497.86;1497.86;1497.86;1497.86;1497.86;1497.86;1987.86;1987.86;1987.86;1987.86;1987.86;1987.86;1987.86;1987.86;1987.86;1987.86;1987.86;1987.86;1987.86;1987.86;1987.86;1987.86;1987.86;1987.86;1987.86;1987.86;1987.86;1987.86;1987.86;1987.86;1987.86;1987.86;1987.86;1987.86;1987.86;1987.86;1987.86;1987.86;1987.86;1987.86;1987.86;1987.86;1987.86;1987.86;1987.86;1987.86;1987.86;1987.86;1987.86;1987.86;1987.86;1987.86;1987.86;1987.86;1987.86;1987.86;1987.86;1987.86;1987.86;1987.86;1987.86;1987.86;1987.86;1987.86;1987.86;1987.86;1987.86;1987.86;1987.86;1987.86;1987.86;1987.86;1987.86;1987.86;1987.86;1987.86;1987.86;1987.86;1987.86;1987.86;1987.86;1987.86;1987.86;1987.86;1987.86;1987.86;1987.86;1987.86;1987.86;1987.86;;1987.86;1987.86;1987.86;1987.86;1987.86;1987.86;1987.86;1987.86;;;;;1987.86;1987.86;1987.86;1987.86;1987.86;1987.86;1987.86;1987.86;1987.86;1987.86;1987.86;1987.86;1987.86;1987.86;1987.86
73;ADATA AD4U320016G22-SGN (Verde);https://meupc.net/peca/bptRCX/memoria-adata-ad4u320016g22-sgn-ad4u320016g22-sgn;930.00;930.00;58.13;1x16 GB;16;bptRCX;;491.00;339.99;339.99;432.51;380.51;380.51;472.22;453.51;453.51;453.51;453.51;453.51;453.51;453.51;509.64;509.64;509.64;509.64;509.64;509.64;679.00;639.90;639.90;639.90;639.90;639.90;438.90;639.90;1177.00;1177.00;1177.00;1177.00;1177.00;1177.00;1178.00;1178.00;1178.00;1178.00;1178.00;1178.00;1226.00;1226.00;779.00;760.09;779.00;779.00;779.00;779.00;779.00;779.00;1159.02;1159.02;1159.02;1159.02;1226.00;1851.90;750.00;750.00;948.00;948.00;948.00;948.00;948.00;948.00;948.00;948.00;948.00;948.00;639.90;639.90;639.90;639.90;639.90;639.90;750.00;750.00;750.00;750.00;750.00;750.00;750.00;750.00;750.00;750.00;750.00;750.00;750.00;750.00;750.00;750.00;750.00;750.00;750.00;750.00;750.00;750.00;948.00;948.00;1671.26;1671.26;1671.26;1671.26;1069.00;1069.00;1069.00;1069.00;1069.00;1069.00;1069.00;1069.00;1069.00;1069.00;1069.00;1069.00;1069.00;1069.00;1069.00;1069.00;1069.00;1069.00;1069.00;1069.00;1069.00;1069.00;1089.00;1089.00;1089.00;1089.00;1089.00;1089.00;960.00;960.00;960.00;960.00;960.00;960.00;960.00;960.00;960.00;960.00;960.00;960.00;960.00;960.00;960.00;940.00;930.00;930.00;930.00;930.00;930.00;930.00;930.00;899.00;899.00;899.00;899.00;899.00;899.00;911.62;911.62;911.62;911.62;911.62;911.62;911.62;930.00;930.00;930.00;930.00;930.00;930.00;930.00;930.00;930.00;930.00;930.00;930.00;930.00;930.00
80;XPG Spectrix D41 (RGB);https://meupc.net/peca/bbkg63/memoria-xpg-spectrix-d41-ax4u320016g16ast41;1176.46;999.99;62.5;1x16 GB;16;bbkg63;;649.99;;;;;;;;;;;;;;;;;;;;;;;;;;;;;;;;799.99;799.99;799.99;799.99;799.99;799.99;799.99;799.99;799.99;799.99;799.99;799.99;799.99;;;;799.99;799.99;799.99;799.99;799.99;;;;;;;;899.99;899.99;899.99;;;;899.99;899.99;;;;;;;;;;;;;;;;1009.99;1009.99;1009.99;1009.99;1009.99;1009.99;1009.99;1009.99;1009.99;1009.99;1009.99;1009.99;1009.99;1009.99;1009.99;1009.99;1009.99;1009.99;1009.99;1009.99;1009.99;919.99;919.99;919.99;1009.99;1009.99;1009.99;1009.99;1009.99;1009.99;1009.99;1009.99;1009.99;1009.99;1009.99;1009.99;1009.99;1009.99;1009.99;1009.99;1009.99;1009.99;1009.99;1009.99;1009.99;1009.99;1009.99;1009.99;1009.99;1009.99;1009.99;1009.99;1319.99;1009.99;1009.99;1009.99;1009.99;1009.99;1009.99;1009.99;1009.99;1009.99;999.99;999.99;999.99;999.99;999.99;999.99;999.99;999.99;999.99;999.99;999.99;999.99;999.99;999.99;999.99;999.99;999.99;999.99;999.99;999.99;999.99;999.99;999.99;999.99;999.99;999.99;999.99;999.99;999.99;999.99;999.99;999.99;999.99;999.99;999.99
92;Corsair Vengeance RGB RS (RGB);https://meupc.net/peca/s79W9Z/memoria-corsair-vengeance-rgb-rs-cmg16gx4m2e3200c16;1528.22;1298.99;81.19;2x8 GB;16;s79W9Z;;799.99;799.99;799.99;799.99;799.99;799.99;279.90;799.99;799.99;799.99;799.99;799.99;799.99;799.99;799.99;799.99;799.99;799.99;799.99;899.99;899.99;899.99;899.99;899.99;899.99;899.99;1099.99;1099.99;1099.99;1099.99;1099.99;1099.99;1099.99;1099.99;1159.99;;;;;;;;;;;;;1059.99;1059.99;1059.99;1059.99;1059.99;1059.99;1059.99;1059.99;1059.99;1059.99;1059.99;1059.99;1059.99;1209.99;1209.99;1209.99;1209.99;1209.99;1209.99;1209.99;1209.99;1209.99;1209.99;1209.99;1209.99;1209.99;1209.99;1209.99;1299.90;1299.90;1299.90;1299.90;1299.90;1299.90;1299.90;1299.90;1299.90;1299.90;1299.90;1299.90;1299.90;1299.90;1299.90;1299.90;1299.90;1129.99;1129.99;1129.99;1129.99;1129.99;1129.99;1299.90;1299.90;1299.90;1299.90;1299.90;1299.90;1299.90;1299.90;1299.90;1299.90;1299.90;1299.90;1299.90;1299.90;1299.90;1299.90;1299.90;1299.90;1299.90;1299.90;1299.90;1299.90;1299.90;1299.90;1299.90;1299.90;1299.90;1299.90;1299.90;1299.90;1299.90;1299.90;1299.90;1299.90;1299.90;1299.90;1299.90;1299.90;1299.90;1299.90;1299.90;1299.90;1299.90;1299.90;1299.90;1299.90;1299.90;1299.90;1299.90;1299.90;1299.90;1299.90;1299.90;1299.90;1299.90;1299.90;1299.90;1299.90;1299.90;1299.90;1299.90;1299.90;1299.90;1299.90;1299.90;1299.90;1299.90;1299.90;1299.90;1299.90;1299.90;1299.90;1299.90;1299.90;1298.99;1298.99;1298.99;1298.99;1298.99;1298.99;1298.99;1298.99
93;Kingston Fury Beast (Preto);https://meupc.net/peca/97AsnF/memoria-kingston-fury-beast-kf432c16bb1a16;1600.00;1600.00;100.0;1x16 GB;16;97AsnF;;;;;;;;;;;;;;;;;;;;;;;;;;;;;;;;;;;;;;;;;;;;;;;;;;;;;;;;;;;;;;;;;;;;;;;;;;;;;;;;;;;;;;;;;;;;;;;;;;;;;;;;;;;;;;;;1945.41;1945.41;1945.41;1945.41;1945.41;1945.41;1945.41;1945.41;1850.00;1850.00;1945.41;1945.41;1850.00;1850.00;1850.00;1850.00;1850.00;1150.00;1150.00;1150.00;1150.00;1150.00;1150.00;1150.00;1150.00;1850.00;1850.00;1850.00;1850.00;1850.00;;1945.41;1945.41;1945.41;1945.41;1789.78;1789.78;1789.78;1789.78;1789.78;1789.78;1789.78;1789.78;1789.78;1789.78;1789.78;1789.78;1789.78;1789.78;1789.78;1789.78;1789.78;1789.78;1789.78;1789.78;1789.78;1789.78;1789.78;1789.78;1789.78;1789.78;1789.78;1789.78;1789.78;1789.78;1789.78;1789.78;1600.00;1600.00;1600.00
95;Patriot Viper Steel (Preto);https://meupc.net/peca/bMa8x2/memoria-patriot-viper-steel-pvs416g320c6;1100.00;1100.00;68.75;1x16 GB;16;bMa8x2;;580.00;580.00;580.00;559.00;559.00;559.00;499.19;499.19;499.19;499.19;499.19;499.19;499.19;559.00;559.00;559.00;559.00;559.00;559.00;559.00;559.00;559.00;559.00;559.00;990.00;559.00;955.00;941.00;838.00;838.00;838.00;825.00;800.00;800.00;735.00;721.00;717.00;654.00;654.00;650.00;654.00;654.00;654.00;654.00;654.00;654.00;654.00;654.00;1400.00;1400.00;1400.00;1600.00;1600.00;1600.00;1600.00;1600.00;1600.00;1600.00;1499.00;1499.00;1499.00;1499.00;1499.00;1499.00;1499.00;1499.00;1499.00;1499.00;1499.00;1499.00;1499.00;1499.00;1499.00;1499.00;1499.00;1499.00;1499.00;1499.00;1499.00;1499.00;1499.00;1499.00;1499.00;1499.00;1499.00;1499.00;1499.00;1499.00;1499.00;1499.00;1499.00;1499.00;1499.00;1499.00;1499.00;1499.00;1499.00;1499.00;1499.00;1499.00;1499.00;1499.00;1499.00;1499.00;1499.00;1499.00;1499.00;1499.00;1499.00;1499.00;1499.00;1499.00;1499.00;1499.00;1600.00;1600.00;1600.00;1600.00;1600.00;1600.00;1600.00;1600.00;1600.00;1600.00;1500.00;1150.00;1150.00;1600.00;1600.00;1600.00;1600.00;1600.00;1600.00;1600.00;1600.00;1600.00;1600.00;1279.99;1279.99;1279.99;1279.99;1279.99;1279.99;1279.99;1279.99;1279.99;1279.99;1279.99;1279.99;1279.99;1279.99;1279.99;1279.99;1115.50;1115.50;1279.99;1279.99;1279.99;1279.99;1099.90;1099.90;1129.90;1129.90;1129.90;1129.90;1129.90;1129.90;1129.90;1129.90;999.90;999.90;999.90;999.90;999.90;1129.90;1129.90;1129.90;1129.90;1129.90;1129.90
97;Kingston Fury Renegade RGB (RGB);https://meupc.net/peca/sy44IB/memoria-kingston-fury-renegade-rgb-kf432c16rb12a16;1830.00;1555.57;97.22;1x16 GB;16;sy44IB;;682.99;682.99;682.99;682.99;;;;;;;;;;;;;;;;;;;;;;;;;;;;;829.99;829.99;874.99;874.99;874.99;874.99;874.99;874.99;874.99;874.99;874.99;874.99;874.99;874.99;874.99;;;;739.99;;;;;;;;;;;;;1389.99;1389.99;1389.99;1389.99;1320.99;1320.99;1320.99;1188.99;1188.99;1188.99;1188.99;1188.99;1188.99;1188.99;1188.99;1188.99;1188.99;1188.99;1188.99;1188.99;1188.99;1188.99;1188.99;1188.99;1188.99;1188.99;1188.99;1188.99;1188.99;1188.99;1188.99;1188.99;1188.99;1188.99;1188.99;1188.99;1188.99;;;;;;;;;;;;;;;;;;;;;;;;;;;;;;;;;;;;;;;;;;;;;;;;;;;;;;;;;;;;;;;;;;;;;1555.57;1555.57;1555.57;1555.57;1555.57;1555.57;1555.57;1555.57;1555.57;1555.57;1555.57;1555.57
98;Rise Mode Aura RGB (RGB);https://meupc.net/peca/b7ox82/memoria-rise-mode-aura-rgb-rmd4aw16g3200argb;1175.31;1175.31;73.46;1x16 GB;16;b7ox82;;;;449.99;449.99;449.99;449.99;449.99;;;449.99;;;;;;;;;;;;;;;;;;;;;;;;;;;;;;;;;;;;;;;866.61;866.61;866.61;866.61;866.61;866.61;866.61;989.91;989.91;989.91;989.91;989.91;989.91;1237.41;1237.41;1237.41;1237.41;1237.41;1237.41;1178.91;1178.91;1237.41;1237.41;1237.41;1237.41;1237.41;1237.41;1237.41;1237.41;1237.41;1237.41;630.99;630.99;630.99;999.99;999.99;999.99;999.99;999.99;999.99;999.99;999.99;999.99;999.99;999.99;999.99;999.99;999.99;999.99;1237.41;1237.41;1237.41;1237.41;1237.41;1237.41;1237.41;1237.41;1237.41;1237.41;1237.41;1237.41;1237.41;1237.41;1237.41;1237.41;1237.41;1237.41;1237.41;1237.41;1237.41;1237.41;1237.41;1237.41;1237.41;1237.41;1237.41;1237.41;1237.41;1237.41;1237.41;1237.41;1237.41;1159.11;1159.11;1159.11;1159.11;1159.11;1159.11;1159.11;1159.11;1159.11;1159.11;1159.11;1159.11;1159.11;1159.11;1159.11;1175.31;1175.31;1175.31;1175.31;1175.31;1175.31;1175.31;1175.31;1175.31;1175.31;1175.31;1175.31;1175.31;1175.31;1175.31;1175.31;1175.31;1175.31;1175.31;1175.31;1175.31;1175.31;1175.31;1175.31;1175.31;1175.31;1175.31;1175.31;1175.31;1175.31;1175.31;1175.31;1175.31;1175.31;1175.31
102;Corsair Vengeance RGB Pro (RGB);https://meupc.net/peca/YZuofW/memoria-corsair-vengeance-rgb-pro-cmw16gx4m2z3200c16;1564.69;1329.99;83.12;2x8 GB;16;YZuofW;;;;;;;;;;;;;;;;;;;;;;;;;;;;;;;;;;;;;;;;;;;;;;;;;;;;;;;;;;;;;;;;;;;1299.99;1299.99;1299.99;1299.99;1299.99;1299.99;1299.99;1299.99;1299.99;1099.99;1099.99;1099.99;1099.99;1099.99;1099.99;1099.99;1099.99;1099.99;;;;;;;;;;;;;;;;;;;;;;;;;;;;;;;;;;;;;;;;;;;;;;;;;;;;;;;;;;;;;;1399.99;1399.99;1399.99;1329.99;1329.99;1329.99;1329.99;1329.99;1329.99;1329.99;1329.99;1329.99;1329.99;1329.99;1329.99;1329.99;1329.99;1329.99;1329.99;1329.99;1329.99;1329.99;1329.99;1329.99;1329.99;1329.99;1329.99;1329.99;1329.99;1329.99;1329.99;1329.99;1329.99;1329.99;1329.99;1329.99
112;ADATA XPG Spectrix D50 (RGB);https://meupc.net/peca/3yTY72/memoria-adata-xpg-spectrix-d50-ax4u320016g16asw50;1409.40;1197.99;74.87;1x16 GB;16;3yTY72;;;;;;;;;;;;;;;;;;;;;;;;;;;;;;;;;;759.99;759.99;759.99;759.99;759.99;759.99;759.99;759.99;759.99;759.99;759.99;759.99;759.99;759.99;759.99;759.99;759.99;;;;;;;;;759.99;759.99;;;;;;;;;;;;;;;;;;;;;;;;;;;;;;;;;;;;;;;1399.99;1399.99;1399.99;1399.99;1399.99;1399.99;1399.99;1399.99;1399.99;1399.99;1399.99;1399.99;1399.99;1399.99;1399.99;1399.99;1399.99;1399.99;1399.99;1399.99;1399.99;1399.99;1399.99;1399.99;1399.99;1399.99;1399.99;1399.99;1399.99;1399.99;1399.99;1399.99;1399.99;1399.99;1399.99;1399.99;1399.99;1399.99;1399.99;1399.99;1399.99;1366.99;1399.99;1399.99;1399.99;1399.99;1399.99;1399.99;1399.99;1399.99;1399.99;1399.99;1399.99;1399.99;1399.99;1399.99;1399.99;1399.99;1399.99;1399.99;1399.99;1399.99;1399.99;1399.99;1399.99;1399.99;1399.99;1399.99;1399.99;1197.99;1197.99;1197.99;1197.99;1197.99;1197.99;1197.99;1197.99;1197.99;1197.99;1197.99;1197.99;1197.99;1197.99
124;Corsair Corsair Vengeance RGB Pro (RGB);https://meupc.net/peca/vk9c63/memoria-corsair-vengeance-rgb-pro-cmw16gx4m2c3200c16w;1647.05;1399.99;87.5;2x8 GB;16;vk9c63;;799.99;799.99;;;;;;;;;;;;;;;;;;;;;;;;;;;;;;;;;;;;;;;;;;;;;;1399.99;1399.99;1399.99;1399.99;1399.99;1399.99;1399.99;1399.99;1399.99;1399.99;1399.99;1399.99;1399.99;1399.99;1399.99;1399.99;1399.99;1399.99;1399.99;1399.99;1399.99;1399.99;1399.99;1399.99;1399.99;1399.99;1399.99;1399.99;1399.99;1399.99;1399.99;1399.99;1399.99;1399.99;1399.99;1399.99;1399.99;1399.99;1399.99;1399.99;1399.99;999.90;999.90;1399.99;1399.99;1299.90;1299.90;1299.90;1299.90;1299.90;1299.90;1399.99;1399.99;1399.99;1399.99;1399.99;1399.99;1399.99;1399.99;1399.99;1399.99;1399.99;1399.99;1399.99;1399.99;1399.99;1399.99;1399.99;1399.99;1399.99;1399.99;1399.99;1399.99;1399.99;1399.99;1399.99;1399.99;1399.99;1399.99;1399.99;1399.99;1399.99;1399.99;1399.99;1399.99;1399.99;1399.99;1399.99;1399.99;1399.99;1399.99;1399.99;1399.99;1399.99;1399.99;1399.99;1399.99;1399.99;1399.99;1399.99;1399.99;1399.99;1399.99;1399.99;1399.99;1399.99;1399.99;1399.99;1399.99;1399.99;1399.99;1399.99;1399.99;1399.99;1399.99;1399.99;1399.99;1399.99;1399.99;1399.99;1399.99;1399.99;1399.99;1399.99;1399.99;1399.99;1399.99;1399.99;1399.99;1399.99;1399.99;1399.99;1399.99
126;Corsair VENGEANCE LPX (Preto);https://meupc.net/peca/btm6p9/memoria-corsair-vengeance-lpx-cmk16gx4m2e3200c16;1364.69;1159.99;72.5;2x8 GB;16;btm6p9;;576.99;576.99;576.99;576.99;576.99;576.99;576.99;576.99;576.99;576.99;576.99;576.99;576.99;576.99;576.99;576.99;576.99;576.99;576.99;576.99;576.99;576.99;576.99;576.99;;;;;;;;;;;;;;;;;;;;;;;;;;;;;;;;;;;;;;;;;;;;;945.99;;;;;;;;;;;;;;;;;;;;;;;;;;;;;851.99;;;;;;;;;1479.99;1479.99;1479.99;1479.99;1479.99;1479.99;1479.99;1479.99;1479.99;1479.99;1479.99;1479.99;1479.99;1479.99;1479.99;1479.99;1479.99;1479.99;1479.99;1479.99;1479.99;1479.99;1479.99;1479.99;1479.99;1479.99;1479.99;;;;;;;;;;;;1159.99;1159.99;1159.99;1159.99;1159.99;1159.99;1159.99;1159.99;1159.99;1159.99;1159.99;1159.99;1159.99;1159.99;1159.99;1159.99;1159.99;1159.99;1159.99;1159.99;1159.99;1159.99;1159.99;1159.99;1159.99;1159.99;1159.99;1159.99;1159.99;1159.99;1159.99;1159.99;1159.99;1159.99;1159.99;1159.99
128;Corsair Vengeance LPX (Preto / Amarelo);https://meupc.net/peca/buvV79/memoria-corsair-vengeance-lpx-cmk16gx4m2z3200c16;1505.87;1279.99;80.0;2x8 GB;16;buvV79;;;;;;;;;;;;;;;;;;;;;;;;;;;;;;;;;;;;;;;;;;;;;;;;;;1259.99;1259.99;1259.99;1259.99;1259.99;1259.99;1259.99;1259.99;1259.99;1259.99;1259.99;1259.99;1259.99;1259.99;1259.99;1259.99;1259.99;1259.99;1259.99;1259.99;1259.99;1259.99;1259.99;1259.99;1259.99;1259.99;1019.90;1019.90;1019.90;1019.90;1019.90;1019.90;1019.90;1019.90;1019.90;1019.90;1019.90;1019.90;1019.90;1019.90;1019.90;1019.90;1019.90;1019.90;969.90;969.90;969.90;969.90;969.90;1019.90;1019.90;1019.90;1019.90;1019.90;1019.90;1019.90;1019.90;1019.90;1019.90;1019.90;1019.90;1019.90;1019.90;1019.90;;;;;;;;;;;;;;;;;;;;;;;;;;;;;;;;;1279.99;1279.99;1279.99;1279.99;1279.99;1279.99;1279.99;1279.99;1279.99;1279.99;1279.99;1279.99;1279.99;1279.99;1279.99;1279.99;1279.99;1279.99;1279.99;1279.99;1279.99;1279.99;1279.99;1279.99;1279.99;1279.99;1279.99;1279.99;1279.99;1279.99;1279.99;1279.99;1279.99;1279.99;1279.99;1279.99
131;Patriot Signature Line (Preto);https://meupc.net/peca/p8V76b/memoria-patriot-signature-line-psd416g32002;999.00;999.00;62.44;1x16 GB;16;p8V76b;;359.99;341.99;341.99;341.99;341.99;341.99;341.99;341.99;341.99;341.99;341.99;341.99;341.99;341.99;341.99;341.99;341.99;341.99;341.99;341.99;429.99;429.99;429.99;979.99;979.99;979.99;979.99;979.99;979.99;979.99;979.99;979.99;979.99;;;;429.99;;;;;;;;;;;;;;;;;;;;;;;;;;;;621.99;;;590.99;590.99;590.99;531.99;;;;;;;;;;;;;;;;;;;;;;;;;;;;;;;;;;;;;;;;;;;;;;;;;;;;;;;;;;;;;;;;;;;;;;;1399.99;1399.99;1399.99;1399.99;1399.99;1399.99;1399.99;1399.99;1399.99;1399.99;1399.99;1399.99;1399.99;1399.99;1399.99;1399.99;1399.99;1399.99;1399.99;1399.99;1399.99;1399.99;1399.99;1399.99;1399.99;1399.99;1399.99;1399.99;1399.99;1399.99;1399.99;1399.99;1399.99;1299.99;1299.99;1299.99;1299.99;1299.99;1299.99
132;Corsair Vengeance RGB RT (RGB);https://meupc.net/peca/oDK52r/memoria-corsair-vengeance-rgb-rt-cmn16gx4m2z3200c16w;1647.05;1399.99;87.5;2x8 GB;16;oDK52r;;;;;;;;;;;;;;;;;;;;;;;;;784.99;784.99;784.99;784.99;784.99;784.99;784.99;784.99;784.99;784.99;784.99;784.99;;;;;;;;;;;;;1209.99;1209.99;1209.99;1209.99;1209.99;1209.99;1209.99;1209.99;1209.99;1209.99;1209.99;1209.99;1209.99;1209.99;1209.99;1209.99;1209.99;1209.99;1209.99;1209.99;1209.99;1209.99;1209.99;1209.99;1209.99;1209.99;1209.99;1209.99;1209.99;1209.99;1209.99;1209.99;1209.99;1209.99;1209.99;1209.99;1209.99;1209.99;1209.99;1209.99;1209.99;1209.99;1209.99;1209.99;1209.99;1209.99;1209.99;1209.99;1209.99;1209.99;1209.99;1209.99;1209.99;1209.99;1209.99;1209.99;1209.99;1209.99;1209.99;1209.99;1209.99;1209.99;1209.99;1209.99;1209.99;1209.99;1209.99;1209.99;1209.99;1209.99;1209.99;1209.99;1209.99;1209.99;1209.99;1209.99;1209.99;1209.99;1209.99;1209.99;1209.99;1209.99;1209.99;1209.99;;;;;;;;;;;;;;1399.99;1399.99;1399.99;1399.99;1399.99;1399.99;1399.99;1399.99;1399.99;1399.99;1399.99;1399.99;1399.99;1399.99;1399.99;1399.99;1399.99;1399.99;1399.99;1399.99;1399.99;1399.99;1399.99;1399.99;1399.99;1399.99;1399.99;1399.99;1399.99;1399.99;1399.99;1399.99;1399.99;1399.99;1399.99;1399.99
140;TeamGroup T-Force Vulcan Z (Cinza);https://meupc.net/peca/KlrXuQ/memoria-teamgroup-t-force-vulcan-z-tlzgd416g3200hc16f01;1223.52;1039.99;65.0;1x16 GB;16;KlrXuQ;;;;;;;;;;;;;;;;;;;;;;;;;;;;;;;;;;;;;;;;;;;;;;;;;;;;;;;;;;;;;;;;;;;;;;;;;;;;;;;;;;;;;;;;;;;;;;;;;;;;;;;;;;;;;;;;;;1099.99;1099.99;1099.99;1099.99;1099.99;1089.99;1089.99;1089.99;1089.99;1089.99;1089.99;1089.99;1089.99;1089.99;1089.99;1089.99;1089.99;;1089.99;1089.99;1099.99;1099.99;1099.99;1099.99;1099.99;1099.99;1099.99;1099.99;1099.99;1099.99;1099.99;1099.99;1099.99;1039.99;1039.99;1039.99;1039.99;1039.99;1039.99;1039.99;1039.99;1039.99;1039.99;1039.99;1039.99;1039.99;1039.99;1039.99;1039.99;1039.99;1039.99;1039.99;1039.99;1039.99;1039.99;1039.99;1039.99;1039.99;1039.99;1039.99;1039.99;1039.99;1039.99;1039.99;1039.99;1039.99;1039.99;1039.99
169;Corsair Vengeance RGB RT (RGB);https://meupc.net/peca/nB48GP/memoria-corsair-vengeance-rgb-rt-cmn16gx4m2z3200c16;1764.59;1499.90;93.74;2x8 GB;16;nB48GP;;;;;;;;;;;;;;;;;;;;;;;;;;;;;;;;;;;;;;;;;;;;;;;;;1299.99;1299.99;1299.99;1299.99;1299.99;1299.99;1299.99;1299.99;1299.99;1299.99;1299.99;1299.99;1299.99;1449.99;1449.99;1449.99;1449.99;1449.99;1449.99;1449.99;1449.99;1449.99;1449.99;1449.99;1449.99;1449.99;1449.99;1449.99;1499.90;1499.90;1499.90;1499.90;1499.90;1499.90;1499.90;1499.90;1499.90;1499.90;1499.90;1499.90;1499.90;1499.90;1499.90;1499.90;1499.90;1499.90;1499.90;1499.90;1499.90;1499.90;1499.90;1499.90;1499.90;1499.90;1499.90;1499.90;1499.90;1499.90;1499.90;1499.90;1499.90;1499.90;1499.90;1499.90;1499.90;1499.90;1499.90;1499.90;1499.90;1499.90;1499.90;1499.90;1499.90;1499.90;1499.90;1499.90;1499.90;1499.90;1499.90;1499.90;1499.90;1499.90;1499.90;1499.90;1499.90;1499.90;1499.90;1499.90;1499.90;1499.90;1499.90;1499.90;1499.90;1499.90;1499.90;1499.90;1499.90;1499.90;1499.90;1499.90;1499.90;1499.90;1499.90;1499.90;1499.90;1499.90;1499.90;1499.90;1499.90;1499.90;1499.90;1499.90;1499.90;1499.90;1499.90;1499.90;1499.90;1499.90;1499.90;1499.90;1499.90;1499.90;1499.90;1499.90;1499.90;1499.90;1499.90;1499.90;1499.90;1499.90;1499.90;1499.90;1499.90
